title,company,location,experience_level,years_experience_min,years_experience_max,degree_requirements,confidence_score,needs_review,source,url,skills_keywords,work_areas
Energy Systems Research Engineer,Gridmatic,"Cupertino, CA",Associate,,,"PhD, Master's, Associate's",1,FALSE,Lever API,https://jobs.lever.co/gridmatic/fef43ee6-b864-43bf-9f98-b8917c8b1f78,"Python, Machine Learning, Electrical Engineering, Battery Technology, Solar","Energy Storage, Renewable Energy, Grid & Transmission"
"Senior Analyst, Retail Operations",Gridmatic,Texas,Senior,4,4,Associate's,1,FALSE,Lever API,https://jobs.lever.co/gridmatic/f240d872-298e-4e4b-92f0-3f5ea1aba701,"Python, SQL, Machine Learning, Battery Technology, Solar, Excel, Communication","Energy Storage, Renewable Energy"
"Senior Software Engineer, Data Infrastructure",Gridmatic,"Cupertino, CA",Senior,4,4,Associate's,1,FALSE,Lever API,https://jobs.lever.co/gridmatic/c3bb3e8f-fa80-4ff8-9907-dad0f39e4a18,"Python, JavaScript, Go, GCP, Kubernetes, Terraform, Machine Learning, Battery Technology, Solar","Energy Storage, Renewable Energy, Climate Data"
"Senior Software Engineer, Platform",Gridmatic,"Cupertino, CA",Senior,,,Associate's,1,FALSE,Lever API,https://jobs.lever.co/gridmatic/6a1f912b-be0b-4e0b-bf4f-6c85cdda42ad,"Python, Java, Go, Rust, AWS, Azure, GCP, Kubernetes, Terraform, Machine Learning, Battery Technology, Solar, Communication","Energy Storage, Renewable Energy"
"Software Engineer, Energy Sales Platform",Gridmatic,"Cupertino, CA",Associate,,,Associate's,1,FALSE,Lever API,https://jobs.lever.co/gridmatic/79bc50a9-8e39-4c0c-ab64-5d4e609d9b65,"Python, Machine Learning, Battery Technology, Solar, Sales, Excel","Energy Storage, Renewable Energy, Built Environment"
Corporate Counsel,Voltus,Remote,Associate,,,Associate's (required),1,FALSE,Lever API,https://jobs.lever.co/voltus/44150655-20d1-4958-94cb-40c7dff72d1b,"Sales, Marketing, Finance",
Sales Associate (Remote),Voltus,Remote,Associate,,,,1,FALSE,Lever API,https://jobs.lever.co/voltus/e6e12da1-116e-4fa9-bb36-a6d224aaee4f,"Sustainability, Sales, Communication","Energy Storage, Renewable Energy, Electric Vehicles"
Sales Director (CAISO),Voltus,Remote,Executive,3,10,"Master's (preferred), Associate's (preferred)",1,FALSE,Lever API,https://jobs.lever.co/voltus/6e1d453b-f0e2-45a5-a442-fc7757d9a8d9,"Battery Technology, Sales, Communication","Energy Storage, Electric Vehicles, Grid & Transmission, Agriculture"
Security Engineering Intern,Voltus,Remote,Internship,1,1,"Master's (or equivalent), Bachelor's (or equivalent), Associate's",1,FALSE,Lever API,https://jobs.lever.co/voltus/c9d1b3b7-8647-4167-aa87-02c3ba68ce7e,"Python, Go, AWS, Azure, GCP, Docker, Kubernetes, CI/CD, Terraform, Communication",Supply Chain
Software Engineer,Voltus,Remote,Entry-Level,2,2,Associate's with 2+ years (required),1,FALSE,Lever API,https://jobs.lever.co/voltus/c8e44a4d-f53f-495d-835e-749f1d55d109,"Python, Go, AWS, Docker, Communication",
Energy Markets Intern,Voltus,Remote,Internship,,,,1,FALSE,Lever API,https://jobs.lever.co/voltus/393be62e-9b99-4158-80ad-6a0d5b73b1c9,"Python, SQL, Project Management, Excel",Grid & Transmission
Energy Markets Intern (MISO),Voltus,Remote,Internship,,,"Master's (preferred), Associate's",1,FALSE,Lever API,https://jobs.lever.co/voltus/b7833dd8-d742-44d8-aae2-2e7de7541ce4,"Python, SQL, MATLAB, Finance, Excel",Grid & Transmission
IT System Administrator Intern,Voltus,Remote,Internship,1,1,"Master's (or equivalent), Bachelor's (or equivalent), Associate's (required)",1,FALSE,Lever API,https://jobs.lever.co/voltus/7af18b84-6567-433a-aa92-640fab747fcf,"Python, Azure, Communication",Renewable Energy
"Account Executive, Market Intelligence (Payer)",Arcadia,Remote (USA),Senior,5,5,Associate's,1,FALSE,Lever API,https://jobs.lever.co/arcadia/8c03677a-e8fc-4f41-83de-3e30de8afca8,"Sales, Product Management, Finance, Communication",
"Analyst, Customer Insights",Arcadia,Remote (USA),Entry-Level,2,2,Associate's,1,FALSE,Lever API,https://jobs.lever.co/arcadia/74e81f80-4801-42e5-a75a-da0712e2bbbb,"SQL, AWS, Data Science, Data Analysis",
Customer Success Manager,Arcadia,Remote,Associate,,,Associate's,1,FALSE,Lever API,https://jobs.lever.co/arcadia/878f8c29-b287-488d-b6c0-e65e059f24b4,"SQL, Excel, Communication",
Enterprise Project Associate,Arcadia,Remote (USA),Senior,2,5,Associate's,0.7,FALSE,Lever API,https://jobs.lever.co/arcadia/d5633dd1-996b-4d48-b4aa-ebb8dd6382c5,"SQL, Project Management, Excel, Communication",
Lead Data Engineer,Arcadia,Remote (USA),Lead/Principal,1,8,Associate's (required),1,FALSE,Lever API,https://jobs.lever.co/arcadia/811000d1-b400-491b-a712-f2484ba03e66,"Python, Java, SQL, AWS, Data Analysis, Agile, Communication","Energy Storage, Electric Vehicles"
"Principal Software Engineer (Full Stack, Backend-Focused)",Arcadia,Remote (USA),Lead/Principal,10,10,Associate's,1,FALSE,Lever API,https://jobs.lever.co/arcadia/a5711ac1-89d9-4441-bb3c-e4b08e9ff0db,"Python, JavaScript, Java, Go, AWS, Terraform, Communication",Hydrogen
"Account Executive, Market Intelligence (Provider)",Arcadia,Remote (USA),Senior,5,5,Associate's,1,FALSE,Lever API,https://jobs.lever.co/arcadia/ff5026f4-17d5-47de-89c8-09fec7336096,"Sales, Product Management, Finance, Communication",
Application Enablement Analyst,Arcadia,Remote (USA),Associate,2,4,Associate's,1,FALSE,Lever API,https://jobs.lever.co/arcadia/65864afa-29de-41ba-afbf-e69b237694da,"Product Management, Communication",
"Director, Delivery & Operations - Life Sciences",Arcadia,Remote (USA),Executive,15,15,Associate's,1,FALSE,Lever API,https://jobs.lever.co/arcadia/16969bb0-1816-4cc2-947b-99ae83be571c,"Finance, Communication",Supply Chain
Enterprise Implementation Manager,Arcadia,"Remote or Boston, MA",Associate,3,3,Associate's (preferred),1,FALSE,Lever API,https://jobs.lever.co/arcadia/25987916-7e77-4ee1-af3a-6c3334364190,"SQL, Go, Project Management, Excel, Communication",
CDL Class A Tanker Driver/Side Operator Qualified,Charmindustrial,"St. Landry, LA",Senior,2,5,Associate's,1,FALSE,Lever API,https://jobs.lever.co/charmindustrial/3e0de5bc-76f3-48c4-bce0-efb4ead8bbbe,,"Energy Storage, Electric Vehicles, Carbon Removal, Agriculture, Manufacturing"
Engineering Fabricator,Charmindustrial,"Fort Lupton, CO",Senior,3,5,Associate's,1,FALSE,Lever API,https://jobs.lever.co/charmindustrial/570ab567-4e9a-4b13-94d7-af6cf928f1d7,"CAD, Communication","Energy Storage, Carbon Removal, Nuclear, Manufacturing"
Geo-Chemical Scientist,Charmindustrial,"Fort Lupton, CO",Senior,5,5,"PhD (or equivalent), Master's with 5+ years (required), Associate's",1,FALSE,Lever API,https://jobs.lever.co/charmindustrial/d84aa83e-17ea-49e1-99da-27e98067a4a9,"Chemical Engineering, Communication","Energy Storage, Electric Vehicles, Carbon Removal, Climate Data"
Land Acquisition Manager,Charmindustrial,"Fort Lupton, CO",Senior,7,7,Associate's,1,FALSE,Lever API,https://jobs.lever.co/charmindustrial/e5c2f482-6b69-46a6-bd08-b7cef5a47bd1,"Sustainability, Communication","Energy Storage, Carbon Removal, Agriculture, Circular Economy, Supply Chain"
People & Safety Administrator,Charmindustrial,"Fort Lupton, CO",Associate,3,3,Associate's,1,FALSE,Lever API,https://jobs.lever.co/charmindustrial/126391b9-cc1a-46d7-999a-bbd9fc5760ea,Communication,"Energy Storage, Carbon Removal, Circular Economy"
Pyrolysis Mechanical Engineer II,Charmindustrial,"Fort Lupton, CO",Senior,3,5,Associate's,1,FALSE,Lever API,https://jobs.lever.co/charmindustrial/b0b3e005-f61b-45df-ae7e-3c7897693d74,"CAD, Mechanical Engineering","Energy Storage, Carbon Removal, Manufacturing"
Director of Electrochemistry,Hgen,Los Angeles,Executive,3,3,"PhD with 3+ years (or equivalent), Associate's",1,FALSE,Lever API,https://jobs.lever.co/hgen/b522b9fe-1fc7-48f8-8c28-84b422432223,Chemical Engineering,"Energy Storage, Hydrogen"
Electrochemical Engineer,Hgen,Los Angeles,Associate,,,"PhD (or equivalent), Associate's",1,FALSE,Lever API,https://jobs.lever.co/hgen/ab0b62aa-eff6-4bfc-b6a2-86d93bb5f66f,Chemical Engineering,"Energy Storage, Hydrogen"
Principal Mechanical Design Engineer,Hgen,Los Angeles,Lead/Principal,5,5,"Bachelor's with 5+ years, Associate's",1,FALSE,Lever API,https://jobs.lever.co/hgen/ebe470fd-0d65-4b77-b867-ef4da5b8bfad,"Project Management, Communication","Carbon Removal, Hydrogen, Manufacturing"
R&D Technician,Hgen,Los Angeles,Entry-Level,2,2,"Associate's, High School with 2+ years (or equivalent)",1,FALSE,Lever API,https://jobs.lever.co/hgen/810aefad-f185-4c92-a69f-b71dc47c1ec5,Communication,"Renewable Energy, Hydrogen, Manufacturing"
Senior/Staff Controls Systems Engineer,Hgen,Los Angeles,Senior,5,5,Associate's,1,FALSE,Lever API,https://jobs.lever.co/hgen/a308c5bc-a2e4-4de4-9680-68970f2666bf,"SCADA, Project Management, Communication","Carbon Removal, Hydrogen"
Test Specialist,Hgen,Los Angeles,Entry-Level,2,2,"Associate's, High School with 2+ years (or equivalent)",1,FALSE,Lever API,https://jobs.lever.co/hgen/de3b4e07-d6e8-4331-b29f-494ab18f158d,Communication,"Renewable Energy, Hydrogen, Manufacturing"
Senior Mechanical Design Engineer,Hgen,Los Angeles,Senior,5,5,"Bachelor's with 5+ years, Associate's",1,FALSE,Lever API,https://jobs.lever.co/hgen/e8562260-99ee-482f-8768-44387bd45d6f,"Project Management, Communication","Carbon Removal, Hydrogen, Manufacturing"
"Design Systems Engineer, HMI",Revel,Los Angeles,Associate,4,4,"Master's, Associate's",1,FALSE,Lever API,https://jobs.lever.co/revel/0750d31d-53cc-4a73-9660-54560800a0e1,"JavaScript, Communication","Electric Vehicles, Nuclear, Manufacturing"
Embedded Software Engineer,Revel,Los Angeles,Associate,3,3,Associate's,1,FALSE,Lever API,https://jobs.lever.co/revel/665ebd9d-5840-44e3-aa77-b69b1db969b0,"Rust, Electrical Engineering","Electric Vehicles, Manufacturing"
IT / InfoSec Administrator,Revel,Los Angeles,Senior,5,5,Associate's (or equivalent),1,FALSE,Lever API,https://jobs.lever.co/revel/d4977b6b-2df7-496b-b359-7de20a6aa9c7,"Python, AWS, Azure, GCP, Terraform, Project Management, Communication","Energy Storage, Renewable Energy, Electric Vehicles, Grid & Transmission, Manufacturing"
Product Designer,Revel,Los Angeles,Senior,5,5,Associate's,1,FALSE,Lever API,https://jobs.lever.co/revel/cae2b56a-8535-458d-931d-243887ed068e,"JavaScript, Product Management","Electric Vehicles, Manufacturing"
Operations Coordinator,Revel,Los Angeles,Executive,,,,1,FALSE,Lever API,https://jobs.lever.co/revel/9836a8da-8728-4796-91a1-ce797d3227e5,Communication,"Electric Vehicles, Agriculture, Supply Chain, Manufacturing"
Simulation Software Engineer,Revel,Los Angeles,Associate,,,Master's (or equivalent),1,FALSE,Lever API,https://jobs.lever.co/revel/d3aa3609-1d87-4bdc-ae64-1b411f971ac9,"Python, JavaScript, CI/CD, Communication","Electric Vehicles, Manufacturing"
Software Engineer - Front End,Revel,Los Angeles,Associate,3,3,,1,FALSE,Lever API,https://jobs.lever.co/revel/b07210db-8ed9-41e2-95e9-c62029b7192b,"JavaScript, Docker","Electric Vehicles, Manufacturing"
Software Engineer - Infrastructure & Deployment,Revel,Los Angeles,Entry-Level,2,2,Associate's (or equivalent),1,FALSE,Lever API,https://jobs.lever.co/revel/6fe0ec62-3b44-4c87-ac7c-950536f1a2cc,"Python, Rust, AWS, Azure, Docker, Kubernetes, CI/CD","Energy Storage, Electric Vehicles, Manufacturing"
Software Engineer - Rust / Backend,Revel,Los Angeles,Associate,,,Master's (or equivalent),1,FALSE,Lever API,https://jobs.lever.co/revel/6fd8a209-215d-4908-be5e-3c19ea711937,"Rust, CI/CD, Communication","Electric Vehicles, Manufacturing"
Software Engineer - Test,Revel,Los Angeles,Entry-Level,2,2,Associate's,1,FALSE,Lever API,https://jobs.lever.co/revel/1cd494bc-b3cc-466e-a12d-cfb15e3f4a68,"Python, Rust, CI/CD","Electric Vehicles, Manufacturing"
Solutions Engineer,Revel,Los Angeles,Entry-Level,2,2,Associate's,1,FALSE,Lever API,https://jobs.lever.co/revel/2d25e75d-e93d-4f2f-b4ae-834a22011d31,"Python, JavaScript, Electrical Engineering, Mechanical Engineering, Communication","Electric Vehicles, Manufacturing"
Technical Recruiter,Revel,Los Angeles,Senior,3,5,Associate's with 5+ years (preferred),1,FALSE,Lever API,https://jobs.lever.co/revel/11c25fbf-44a0-4097-998c-2dadf5ce8f83,Communication,"Electric Vehicles, Supply Chain, Manufacturing"
Product Manager,Farmwise,"Santa Clara, CA",Associate,3,3,Associate's (preferred),1,FALSE,Lever API,https://jobs.lever.co/farmwise/6793b9a6-7fba-4d8a-9983-c716b1d45792,"Go, Machine Learning, Sales, Marketing, Product Management, Communication",Agriculture
Regional Sales Manager,Farmwise,"Salinas, CA (Hybrid)",Senior,5,5,Associate's,1,FALSE,Lever API,https://jobs.lever.co/farmwise/193ee4e0-66cd-4290-b49e-a20898da9dc1,"Sales, Marketing, Communication",Agriculture
DVM Student Externship/Preceptorship Program - Palmetto Animal Hospital,Palmetto,"Florence, SC",Associate,,,Associate's,1,FALSE,Greenhouse API,https://boards.greenhouse.io/palmetto/jobs/5040391002?gh_jid=5040391002,Communication,
Veterinarian,Palmetto,"Florence, SC",Associate,,,,1,FALSE,Greenhouse API,https://boards.greenhouse.io/palmetto/jobs/8191452002?gh_jid=8191452002,Marketing,Grid & Transmission
"Sr. Fullstack Software Engineer, Platform",Climate AI,"San Francisco, California, United States",Senior,3,5,"PhD with 3-5 years (or equivalent), Master's with 3-5 years (or equivalent), Bachelor's with 3-5 years (or equivalent), Associate's",1,FALSE,Greenhouse API,https://job-boards.greenhouse.io/climateai/jobs/4854550007,"JavaScript, Machine Learning, Communication","Agriculture, Food Systems, Climate Data, Supply Chain"
Account Executive- Washington ,ChargePoint,"Seattle, Washington ",Associate,,,,1,FALSE,Greenhouse API,https://www.chargepoint.com/about/opportunities/job/?gh_jid=8341229002,"Project Management, Sales","Electric Vehicles, Supply Chain, Climate Finance"
Channel Account Manager,ChargePoint,"Campbell, CA",Associate,,,,1,FALSE,Greenhouse API,https://www.chargepoint.com/about/opportunities/job/?gh_jid=8344334002,"Project Management, Sales","Electric Vehicles, Supply Chain, Climate Finance"
Corporate/Commercial Paralegal and Legal Operations,ChargePoint,"Campbell, CA",Associate,,,,1,FALSE,Greenhouse API,https://www.chargepoint.com/about/opportunities/job/?gh_jid=8355525002,"Project Management, Sales","Electric Vehicles, Supply Chain, Climate Finance"
Principal Power Electronics Control Firmware Engineer,ChargePoint,"Campbell, CA",Lead/Principal,,,,1,FALSE,Greenhouse API,https://www.chargepoint.com/about/opportunities/job/?gh_jid=8235128002,"Project Management, Sales","Electric Vehicles, Supply Chain, Climate Finance"
Senior Software Engineer,ChargePoint,Austria,Senior,,,,1,FALSE,Greenhouse API,https://www.chargepoint.com/about/opportunities/job/?gh_jid=7737578002,"Project Management, Sales","Electric Vehicles, Supply Chain, Climate Finance"
Staff Data Scientist ,ChargePoint,"Bangalore, India",Associate,,,,1,FALSE,Greenhouse API,https://www.chargepoint.com/about/opportunities/job/?gh_jid=8241134002,"Project Management, Sales","Electric Vehicles, Supply Chain, Climate Finance"
"Deployment Specialist Toronto/Ontario, Canada",ChargePoint,Canada Remote,Associate,,,,1,FALSE,Greenhouse API,https://www.chargepoint.com/about/opportunities/job/?gh_jid=8302301002,"Project Management, Sales","Electric Vehicles, Supply Chain, Climate Finance"
"Director, Data Platform & AI",ChargePoint,"Bangalore, India",Executive,,,,1,FALSE,Greenhouse API,https://www.chargepoint.com/about/opportunities/job/?gh_jid=8375735002,"Project Management, Sales","Electric Vehicles, Supply Chain, Climate Finance"
Executive Assistant,ChargePoint,"Campbell, CA",Associate,,,,1,FALSE,Greenhouse API,https://www.chargepoint.com/about/opportunities/job/?gh_jid=8379321002,"Project Management, Sales","Electric Vehicles, Supply Chain, Climate Finance"
Head of Global Total Rewards & Benefits,ChargePoint,"Campbell, CA",Associate,,,,1,FALSE,Greenhouse API,https://www.chargepoint.com/about/opportunities/job/?gh_jid=8112570002,"Project Management, Sales","Electric Vehicles, Supply Chain, Climate Finance"
IT Administrator,ChargePoint,"Campbell, CA",Associate,,,,1,FALSE,Greenhouse API,https://www.chargepoint.com/about/opportunities/job/?gh_jid=8376410002,"Project Management, Sales","Electric Vehicles, Supply Chain, Climate Finance"
"Power Electronics Firmware, Senior Manager",ChargePoint,"Campbell, CA",Senior,,,,1,FALSE,Greenhouse API,https://www.chargepoint.com/about/opportunities/job/?gh_jid=8224187002,"Project Management, Sales","Electric Vehicles, Supply Chain, Climate Finance"
Principal Power Electronics Engineer,ChargePoint,"Campbell, CA",Lead/Principal,,,,1,FALSE,Greenhouse API,https://www.chargepoint.com/about/opportunities/job/?gh_jid=7950634002,"Project Management, Sales","Electric Vehicles, Supply Chain, Climate Finance"
Regulatory Safety Engineer,ChargePoint,"Campbell, CA",Associate,,,,1,FALSE,Greenhouse API,https://www.chargepoint.com/about/opportunities/job/?gh_jid=8398778002,"Project Management, Sales","Electric Vehicles, Supply Chain, Climate Finance"
Senior Bid Manager ,ChargePoint,Munich,Senior,,,,1,FALSE,Greenhouse API,https://www.chargepoint.com/about/opportunities/job/?gh_jid=8415314002,"Project Management, Sales","Electric Vehicles, Supply Chain, Climate Finance"
Accounts Payable Staff Accountant,Oklo,"Santa Clara, CA or Remote",Associate,,,"Bachelor's (preferred), Associate's",1,FALSE,Greenhouse API,https://job-boards.greenhouse.io/oklo/jobs/5730227004,"Go, Finance, Communication","Renewable Energy, Nuclear, Circular Economy, Supply Chain"
Associate Project Manager,Oklo,"Austin, Texas",Senior,4,8,"Master's with 4-8 years (preferred), Bachelor's with 4-8 years (preferred), Associate's (required)",0.7999999999999999,FALSE,Greenhouse API,https://job-boards.greenhouse.io/oklo/jobs/5722814004,"Go, Project Management, Finance, Communication","Renewable Energy, Nuclear, Circular Economy, Supply Chain"
CAD/PLM Administrator - SolidWorks,Oklo,"Santa Clara, CA or Remote",Associate,,,Associate's (required),1,FALSE,Greenhouse API,https://job-boards.greenhouse.io/oklo/jobs/5790916004,"Python, Go, CAD, Communication","Renewable Energy, Nuclear, Circular Economy, Supply Chain, Manufacturing"
Computational Fluid Dynamics Thermal-Hydraulics Engineer,Oklo,"Santa Clara, CA or Remote",Associate,,,"PhD (required), Associate's",1,FALSE,Greenhouse API,https://job-boards.greenhouse.io/oklo/jobs/5740740004,"Python, Go, ANSYS, CFD, Communication","Renewable Energy, Nuclear, Grid & Transmission, Circular Economy, Supply Chain"
Core Mechanical Design - Senior Mechanical Design Engineer,Oklo,"Santa Clara, CA or Remote",Senior,5,10,Associate's,1,FALSE,Greenhouse API,https://job-boards.greenhouse.io/oklo/jobs/5775089004,"Python, Go, CAD, ANSYS, Mechanical Engineering, Communication","Renewable Energy, Electric Vehicles, Nuclear, Circular Economy, Supply Chain, Manufacturing"
Environmental Policy & Compliance Analyst,Oklo,"Santa Clara, CA or Remote",Associate,,,"PhD (required), Associate's",1,FALSE,Greenhouse API,https://job-boards.greenhouse.io/oklo/jobs/5777985004,"Go, Sustainability, Communication","Renewable Energy, Nuclear, Circular Economy, Supply Chain, Policy & Advocacy"
Facilities Design Engineer - Fuel Manufacturing Electrical Focus,Oklo,"Idaho Falls, ID or Remote",Senior,5,5,Associate's,1,FALSE,Greenhouse API,https://job-boards.greenhouse.io/oklo/jobs/5762548004,"Go, CAD, Electrical Engineering, Communication","Renewable Energy, Nuclear, Grid & Transmission, Circular Economy, Supply Chain, Manufacturing"
Hardware Test Technician,Oklo,"Idaho Falls, ID",Associate,3,3,"Associate's (preferred), High School with 3+ years (required)",1,FALSE,Greenhouse API,https://job-boards.greenhouse.io/oklo/jobs/5730933004,"Go, CAD, Communication","Renewable Energy, Nuclear, Circular Economy, Supply Chain, Manufacturing"
Junior Software Engineer,Oklo,"Santa Clara, CA or Remote",Entry-Level,0,2,Associate's,1,FALSE,Greenhouse API,https://job-boards.greenhouse.io/oklo/jobs/5739861004,"Python, JavaScript, Go, Rust, CI/CD, Statistics, Communication","Energy Storage, Renewable Energy, Nuclear, Circular Economy, Supply Chain"
Mechanical Designer - Fuel Manufacturing,Oklo,"Santa Clara, CA or Remote",Lead/Principal,4,10,Associate's,1,FALSE,Greenhouse API,https://job-boards.greenhouse.io/oklo/jobs/5680869004,"Python, Go, CAD, ANSYS, Communication","Renewable Energy, Electric Vehicles, Nuclear, Circular Economy, Supply Chain, Manufacturing"
Core Thermal-Hydraulics Methods Engineer,Oklo,"Santa Clara, CA or remote",Associate,,,"PhD (required), Associate's",1,FALSE,Greenhouse API,https://job-boards.greenhouse.io/oklo/jobs/5740744004,"Python, Go, CI/CD, CFD, Communication","Renewable Energy, Nuclear, Circular Economy, Supply Chain"
"Director of Business Development, Defense & National Security",Oklo,"Santa Clara, CA or Remote",Executive,,,Associate's,1,FALSE,Greenhouse API,https://job-boards.greenhouse.io/oklo/jobs/5741264004,"Go, Finance, Communication","Renewable Energy, Nuclear, Grid & Transmission, Circular Economy, Supply Chain, Manufacturing"
Engineering Technician,Oklo,"Santa Clara, CA or Idaho Falls, ID",Associate,3,3,"Bachelor's (preferred), Associate's (preferred), High School with 3+ years (required)",1,FALSE,Greenhouse API,https://job-boards.greenhouse.io/oklo/jobs/5705506004,"Go, CAD, PLC, Communication","Renewable Energy, Nuclear, Circular Economy, Supply Chain, Manufacturing"
Executive Assistant to Chief Financial Officer,Oklo,"Santa Clara, CA or Remote",Executive,,,Associate's,1,FALSE,Greenhouse API,https://job-boards.greenhouse.io/oklo/jobs/5793619004,"Go, Finance, Communication","Renewable Energy, Nuclear, Agriculture, Circular Economy, Supply Chain"
External Hazards Regulatory Engineer,Oklo,"Santa Clara, CA or Remote",Associate,,,"PhD (preferred), Associate's",1,FALSE,Greenhouse API,https://job-boards.greenhouse.io/oklo/jobs/5800665004,"Go, Project Management, Communication","Renewable Energy, Nuclear, Circular Economy, Supply Chain"
External Quality Assurance Specialist,Oklo,"Santa Clara, CA or Remote",Associate,,,Associate's (required),1,FALSE,Greenhouse API,https://job-boards.greenhouse.io/oklo/jobs/5728192004,"Go, Communication","Renewable Energy, Electric Vehicles, Nuclear, Circular Economy, Supply Chain, Manufacturing"
Fabrication Lead,Oklo,"Idaho Falls, ID",Lead/Principal,10,10,Associate's,1,FALSE,Greenhouse API,https://job-boards.greenhouse.io/oklo/jobs/5741239004,"Go, Communication","Renewable Energy, Nuclear, Circular Economy, Supply Chain, Manufacturing"
Facilities Design Engineer - Fuel Fabrication,Oklo,"Santa Clara, CA or Remote",Senior,5,5,Associate's,1,FALSE,Greenhouse API,https://job-boards.greenhouse.io/oklo/jobs/5775668004,"Go, HVAC, Communication","Renewable Energy, Nuclear, Built Environment, Circular Economy, Supply Chain, Manufacturing"
Facility Design Engineer,Oklo,"Santa Clara, CA or Remote",Lead/Principal,10,10,Associate's (required),1,FALSE,Greenhouse API,https://job-boards.greenhouse.io/oklo/jobs/5490078004,"Go, CAD, SCADA, HVAC, Project Management, Communication","Energy Storage, Renewable Energy, Nuclear, Built Environment, Materials, Circular Economy, Supply Chain, Manufacturing"
Facility Operations Manager,Oklo,"Austin, Texas area",Associate,4,4,Associate's,1,FALSE,Greenhouse API,https://job-boards.greenhouse.io/oklo/jobs/5741775004,"Go, Communication","Renewable Energy, Nuclear, Circular Economy, Supply Chain"
Federal Services Lead,Oklo,"Washington, DC",Lead/Principal,,,Associate's (required),1,FALSE,Greenhouse API,https://job-boards.greenhouse.io/oklo/jobs/5741243004,"Go, Communication","Renewable Energy, Nuclear, Circular Economy, Supply Chain"
Fire Protection Engineer,Oklo,"Santa Clara, CA or Remote",Associate,,,Associate's (preferred),1,FALSE,Greenhouse API,https://job-boards.greenhouse.io/oklo/jobs/5741564004,"Go, Communication","Renewable Energy, Nuclear, Circular Economy, Supply Chain"
Fuel Fabrication Manufacturing Engineer,Oklo,"Idaho Falls, ID",Entry-Level,2,2,"Associate's with 2+ years (preferred), High School with 2+ years (preferred)",1,FALSE,Greenhouse API,https://job-boards.greenhouse.io/oklo/jobs/5732494004,"Go, Data Analysis, Communication","Renewable Energy, Nuclear, Circular Economy, Supply Chain, Manufacturing"
Fuel Fabrication Project Engineer,Oklo,"Santa Clara, CA or Remote",Senior,5,5,Associate's,1,FALSE,Greenhouse API,https://job-boards.greenhouse.io/oklo/jobs/5775659004,Communication,"Renewable Energy, Nuclear, Circular Economy, Supply Chain, Manufacturing"
Fuel Performance Engineer,Oklo,"Santa Clara, CA or Remote",Associate,3,3,"Bachelor's with 3 years (preferred), Associate's",1,FALSE,Greenhouse API,https://job-boards.greenhouse.io/oklo/jobs/4638962004,"Python, Go, ANSYS, FEA, Communication","Renewable Energy, Nuclear, Circular Economy, Supply Chain, Manufacturing"
Fuels Licensing Manager,Oklo,"Santa Clara, CA or Remote",Associate,,,"Bachelor's (required), Associate's (required)",1,FALSE,Greenhouse API,https://job-boards.greenhouse.io/oklo/jobs/5688527004,"Go, Project Management, Communication","Renewable Energy, Nuclear, Circular Economy, Supply Chain, Manufacturing"
General Application - Nuclear Fuel Recycling,Oklo,"Santa Clara, CA or Remote",Associate,,,Associate's,1,FALSE,Greenhouse API,https://job-boards.greenhouse.io/oklo/jobs/5065038004,"Go, Communication","Renewable Energy, Nuclear, Circular Economy, Supply Chain"
Hot Cell Design Engineer,Oklo,"Santa Clara, CA or Remote",Senior,5,5,Associate's,1,FALSE,Greenhouse API,https://job-boards.greenhouse.io/oklo/jobs/5596070004,"Go, CAD, Mechanical Engineering, HVAC, Project Management, Communication","Energy Storage, Renewable Energy, Nuclear, Built Environment, Circular Economy, Supply Chain"
Human Factors Engineer,Oklo,"Santa Clara, CA or Remote",Executive,,,Associate's,1,FALSE,Greenhouse API,https://job-boards.greenhouse.io/oklo/jobs/5741556004,"Go, Communication","Renewable Energy, Nuclear, Circular Economy, Supply Chain, Manufacturing"
Human Resource Business Partner (HRBP),Oklo,"Santa Clara, CA",Associate,3,3,Associate's,1,FALSE,Greenhouse API,https://job-boards.greenhouse.io/oklo/jobs/5769724004,"Go, Finance, Communication","Renewable Energy, Nuclear, Circular Economy, Supply Chain, Manufacturing"
Lead Machinist,Oklo,"Idaho Falls, ID",Lead/Principal,10,10,Associate's,1,FALSE,Greenhouse API,https://job-boards.greenhouse.io/oklo/jobs/5741240004,"Go, Communication","Renewable Energy, Nuclear, Circular Economy, Supply Chain, Manufacturing"
Licensing Manager,Oklo,"Santa Clara, CA or Remote",Associate,,,"Bachelor's (required), Associate's (required)",1,FALSE,Greenhouse API,https://job-boards.greenhouse.io/oklo/jobs/5679965004,"Go, Project Management, Communication","Renewable Energy, Nuclear, Circular Economy, Supply Chain"
Mechanical Analyst Engineer,Oklo,"Santa Clara, CA or Remote",Associate,4,4,"PhD (preferred), Associate's (preferred)",1,FALSE,Greenhouse API,https://job-boards.greenhouse.io/oklo/jobs/5587760004,"Python, Go, ANSYS, FEA, Communication","Renewable Energy, Electric Vehicles, Nuclear, Circular Economy, Supply Chain, Manufacturing"
Mechanical Analyst Engineer - Process Automation,Oklo,"Santa Clara, CA or Remote",Associate,,,"PhD (preferred), Associate's",1,FALSE,Greenhouse API,https://job-boards.greenhouse.io/oklo/jobs/5711598004,"Python, Go, ANSYS, FEA, Communication","Renewable Energy, Nuclear, Circular Economy, Supply Chain, Manufacturing"
Mechanical Design Engineer - Fuel Manufacturing,Oklo,"Idaho Falls, ID or Remote",Lead/Principal,4,10,Associate's,1,FALSE,Greenhouse API,https://job-boards.greenhouse.io/oklo/jobs/5680752004,"Python, Go, CAD, ANSYS, Mechanical Engineering, Communication","Renewable Energy, Electric Vehicles, Nuclear, Circular Economy, Supply Chain, Manufacturing"
Mechatronics Engineer,Oklo,"Santa Clara, CA or Remote",Lead/Principal,5,10,Associate's,1,FALSE,Greenhouse API,https://job-boards.greenhouse.io/oklo/jobs/5677684004,"MATLAB, Go, CAD, ANSYS, Electrical Engineering, Mechanical Engineering, Chemical Engineering, Communication","Renewable Energy, Nuclear, Circular Economy, Supply Chain, Manufacturing"
Neutronics Analysis Engineer,Oklo,"Santa Clara, CA or remote",Associate,,,"PhD (preferred), Associate's",1,FALSE,Greenhouse API,https://job-boards.greenhouse.io/oklo/jobs/5637818004,"Python, Go, Communication","Renewable Energy, Nuclear, Circular Economy, Supply Chain"
Nuclear Criticality Safety Engineer,Oklo,"Santa Clara, CA or Remote",Associate,3,3,"PhD (preferred), Associate's with 3+ years (preferred)",1,FALSE,Greenhouse API,https://job-boards.greenhouse.io/oklo/jobs/5466513004,"Go, Chemical Engineering, Communication","Renewable Energy, Nuclear, Circular Economy, Supply Chain"
Open Call for 3D Visual Artist Freelancers and Studios (Contract),Oklo,"Santa Clara, CA or Remote",Senior,3,5,Associate's,1,FALSE,Greenhouse API,https://job-boards.greenhouse.io/oklo/jobs/5787456004,"Go, Marketing, Communication","Renewable Energy, Nuclear, Circular Economy, Supply Chain"
Radioactive Waste Handling Engineer,Oklo,"Santa Clara, CA or Remote",Senior,5,5,Associate's,1,FALSE,Greenhouse API,https://job-boards.greenhouse.io/oklo/jobs/5681333004,"Go, Communication","Energy Storage, Renewable Energy, Electric Vehicles, Nuclear, Circular Economy, Supply Chain, Policy & Advocacy"
Reactor Operator,Oklo,"Austin, Texas area",Executive,,,"Associate's, High School with 3 years (required)",1,FALSE,Greenhouse API,https://job-boards.greenhouse.io/oklo/jobs/5741763004,"Go, Communication","Renewable Energy, Nuclear, Circular Economy, Supply Chain"
Regulatory Engineer,Oklo,"Santa Clara, CA or Remote",Associate,,,Associate's,1,FALSE,Greenhouse API,https://job-boards.greenhouse.io/oklo/jobs/5013750004,"Go, Communication","Renewable Energy, Nuclear, Circular Economy, Supply Chain, Manufacturing"
Risk Analysis Engineer,Oklo,"Santa Clara, CA or Remote",Senior,3,5,"PhD with 3-5 years (preferred), Bachelor's with 3-5 years (preferred), Associate's",1,FALSE,Greenhouse API,https://job-boards.greenhouse.io/oklo/jobs/5589041004,"Python, Go, Mechanical Engineering, Communication","Renewable Energy, Nuclear, Circular Economy, Supply Chain"
Safety Analysis Engineer,Oklo,"Santa Clara, CA or Remote",Associate,,,"PhD (required), Associate's",1,FALSE,Greenhouse API,https://job-boards.greenhouse.io/oklo/jobs/5637090004,"Python, Go, CI/CD, Communication","Renewable Energy, Nuclear, Circular Economy, Supply Chain"
Security Engineer,Oklo,Santa Clara or Remote,Associate,,,Associate's,1,FALSE,Greenhouse API,https://job-boards.greenhouse.io/oklo/jobs/5218928004,"Go, Communication","Renewable Energy, Nuclear, Circular Economy, Supply Chain"
Senior Counsel,Oklo,Remote,Senior,5,7,Associate's,1,FALSE,Greenhouse API,https://job-boards.greenhouse.io/oklo/jobs/5776025004,"Go, Agile, Finance, Communication","Renewable Energy, Nuclear, Circular Economy, Supply Chain"
Senior Mechanical Design Engineer - Reactor Module,Oklo,"Santa Clara, CA or Remote",Executive,8,8,Associate's,1,FALSE,Greenhouse API,https://job-boards.greenhouse.io/oklo/jobs/5743023004,"Go, CAD, Mechanical Engineering, Communication","Renewable Energy, Electric Vehicles, Nuclear, Circular Economy, Supply Chain, Manufacturing"
Senior Process Controls Engineer,Oklo,"Santa Clara, CA or Remote",Senior,10,10,Associate's,1,FALSE,Greenhouse API,https://job-boards.greenhouse.io/oklo/jobs/5477979004,"Go, PLC, Electrical Engineering, Communication","Renewable Energy, Nuclear, Materials, Circular Economy, Supply Chain"
Senior Software Engineer,Oklo,"Santa Clara, CA or Remote",Senior,8,8,Associate's,1,FALSE,Greenhouse API,https://job-boards.greenhouse.io/oklo/jobs/5739483004,"Python, JavaScript, Go, Rust, CI/CD, Statistics, Communication","Renewable Energy, Electric Vehicles, Nuclear, Circular Economy, Supply Chain"
Site Project Manager,Oklo,"Oak Ridge, TN",Associate,,,Associate's,1,FALSE,Greenhouse API,https://job-boards.greenhouse.io/oklo/jobs/5739128004,"Go, Communication","Renewable Energy, Nuclear, Circular Economy, Supply Chain"
Software Engineer,Oklo,"Santa Clara, CA or Remote",Associate,3,3,"Bachelor's with 3+ years (preferred), Associate's",1,FALSE,Greenhouse API,https://job-boards.greenhouse.io/oklo/jobs/4018702004,"Python, JavaScript, Go, Rust, CI/CD, Statistics, Communication","Energy Storage, Renewable Energy, Nuclear, Circular Economy, Supply Chain"
Software Engineer (Infrastructure) ,Oklo,"Santa Clara, CA",Associate,3,3,"Bachelor's with 3 years (required), Associate's",1,FALSE,Greenhouse API,https://job-boards.greenhouse.io/oklo/jobs/5784826004,"Python, Go, Rust, AWS, Docker, CI/CD, Terraform, CAD, CFD, Communication","Renewable Energy, Nuclear, Circular Economy, Supply Chain"
Software Quality Assurance Lead,Oklo,"Any location, Santa Clara, California, United States",Lead/Principal,5,5,Associate's (required),1,FALSE,Greenhouse API,https://job-boards.greenhouse.io/oklo/jobs/5480416004,"Python, JavaScript, Go, Rust, CI/CD, Statistics, Electrical Engineering, Communication","Energy Storage, Renewable Energy, Nuclear, Circular Economy, Supply Chain"
"Sr. Manager, Hardware Test Engineering",Oklo,"Idaho Falls, ID Preferred; remote possible",Senior,10,10,"PhD (preferred), Associate's",1,FALSE,Greenhouse API,https://job-boards.greenhouse.io/oklo/jobs/5641268004,"Go, Communication","Renewable Energy, Nuclear, Circular Economy, Supply Chain"
State and Local Government Affairs Manager ,Oklo,"Remote, local to East Tennessee or Southern Ohio",Senior,5,7,Associate's (required),1,FALSE,Greenhouse API,https://job-boards.greenhouse.io/oklo/jobs/5728622004,"Go, Communication","Renewable Energy, Nuclear, Circular Economy, Supply Chain, Policy & Advocacy"
State and Local Permitting Specialist,Oklo,"Santa Clara, CA or Remote",Associate,,,"PhD (required), Associate's (required)",1,FALSE,Greenhouse API,https://job-boards.greenhouse.io/oklo/jobs/5775085004,"Go, Sustainability, Communication","Renewable Energy, Nuclear, Circular Economy, Supply Chain, Policy & Advocacy"
"Systems Engineer, Requirements and Integration",Oklo,"Santa Clara, CA or Remote",Senior,3,5,"Bachelor's with 3+ years (required), Associate's with 3+ years (required)",1,FALSE,Greenhouse API,https://job-boards.greenhouse.io/oklo/jobs/5649054004,"Go, Communication","Renewable Energy, Electric Vehicles, Nuclear, Circular Economy, Supply Chain"
Systems Thermal-Hydraulics Methods Engineer,Oklo,"Santa Clara, CA or remote",Associate,,,"PhD (required), Associate's",1,FALSE,Greenhouse API,https://job-boards.greenhouse.io/oklo/jobs/5740747004,"Python, Go, CI/CD, Communication","Renewable Energy, Nuclear, Circular Economy, Supply Chain"
Technical Sourcing Lead ,Oklo,"Santa Clara, CA or Idaho Falls, ID or Remote",Lead/Principal,3,5,"Bachelor's with 3-5 years (required), Associate's",1,FALSE,Greenhouse API,https://job-boards.greenhouse.io/oklo/jobs/5705512004,"Go, Sales, Finance, Communication","Renewable Energy, Nuclear, Circular Economy, Supply Chain, Manufacturing"
Thermal Hydraulic Test Engineer,Oklo,"Idaho Falls, ID",Senior,4,5,"Bachelor's with 4 years (preferred), Associate's with 4 years (preferred)",1,FALSE,Greenhouse API,https://job-boards.greenhouse.io/oklo/jobs/5710536004,"Go, Project Management, Communication","Renewable Energy, Nuclear, Circular Economy, Supply Chain"
Digital Marketing Manager,Carbon Direct,United States - Remote,Associate,,,Associate's,1,FALSE,Greenhouse API,https://job-boards.greenhouse.io/carbondirect/jobs/5008244007,"SQL, Sales, Marketing","Carbon Removal, Climate Data, Climate Finance"
General Application,Carbon Direct,Remote,Associate,,,Associate's (preferred),1,FALSE,Greenhouse API,https://job-boards.greenhouse.io/carbondirect/jobs/4117885007,,Climate Finance
Social Scientist,Carbon Direct,United States - Remote,Associate,,,"PhD, Associate's (preferred)",1,FALSE,Greenhouse API,https://job-boards.greenhouse.io/carbondirect/jobs/5007997007,Finance,"Carbon Removal, Climate Finance, Policy & Advocacy"
Industrial Decarbonization Intern,Carbon Direct,United States - Remote,Internship,,,Associate's,1,FALSE,Greenhouse API,https://job-boards.greenhouse.io/carbondirect/jobs/5008252007,"Data Analysis, Chemical Engineering, LCA, Sustainability, Excel, Communication","Energy Storage, Electric Vehicles, Carbon Removal, Materials, Climate Data, Climate Finance"
People Operations Associate,Carbon Direct,United States - Remote,Associate,,,Associate's,1,FALSE,Greenhouse API,https://job-boards.greenhouse.io/carbondirect/jobs/5040231007,"Project Management, Excel","Carbon Removal, Climate Data, Supply Chain, Climate Finance"
Scientific Project Reviewers,Carbon Direct,Remote,Associate,,,"PhD, Associate's",1,FALSE,Greenhouse API,https://job-boards.greenhouse.io/carbondirect/jobs/4192394007,,"Carbon Removal, Climate Data, Climate Finance"
Technical Due Diligence Consultant,Carbon Direct,Remote,Associate,,,Associate's,1,FALSE,Greenhouse API,https://job-boards.greenhouse.io/carbondirect/jobs/4716713007,Communication,"Carbon Removal, Climate Data, Supply Chain, Climate Finance"
"Director, Accounting",Sunnova,"Houston, TX",Executive,10,10,Associate's,1,FALSE,Greenhouse API,https://job-boards.greenhouse.io/sunnova/jobs/4822971008,Communication,Renewable Energy
Join the Sunnova Talent Pool!,Sunnova,"Houston, TX; United States",Associate,,,Associate's (required),1,FALSE,Greenhouse API,https://job-boards.greenhouse.io/sunnova/jobs/4493628008,Solar,Renewable Energy
General Submissions,Kettle,Remote,Associate,,,,1,FALSE,Greenhouse API,https://job-boards.greenhouse.io/kettle/jobs/7637905002,,Agriculture
Cell Design Intern (Spring/Summer),Solid Power,"486 South Pierce Ave. Louisville, CO 80027",Internship,,,Associate's (preferred),1,FALSE,Greenhouse API,https://job-boards.greenhouse.io/solidpower/jobs/5784553004,"Python, Battery Technology",Energy Storage
"Director, Corporate Counsel ",Solid Power,"Thornton, CO",Executive,4,4,"Master's (required), Associate's",1,FALSE,Greenhouse API,https://job-boards.greenhouse.io/solidpower/jobs/5764932004,"R, Battery Technology, Marketing, Finance, Excel, Communication",Energy Storage
Mechanical Maintenance Technician II/Senior,Solid Power,"Thornton, Colorado",Senior,2,2,"Associate's (required), High School (required)",0.7999999999999999,FALSE,Greenhouse API,https://job-boards.greenhouse.io/solidpower/jobs/5793579004,"R, Battery Technology","Energy Storage, Electric Vehicles, Built Environment, Manufacturing"
Technology Integration Formulation Engineer I/II,Solid Power,"Louisville, CO",Associate,,,"Master's (required), Bachelor's (required), Associate's",1,FALSE,Greenhouse API,https://job-boards.greenhouse.io/solidpower/jobs/5802369004,"R, Chemical Engineering, Battery Technology, Communication","Energy Storage, Manufacturing"
General Interest Application,Solid Power,"Thornton/Louisville, CO",Associate,,,Associate's,1,FALSE,Greenhouse API,https://job-boards.greenhouse.io/solidpower/jobs/5337846004,"R, Battery Technology, Communication","Energy Storage, Electric Vehicles"
ADAS / Autonomous Driving Sensor Calibration & Localization Engineer ,Lucid Motors,"Newark, CA",Senior,5,5,"PhD with 5+ years (preferred), Associate's",1,FALSE,Greenhouse API,https://job-boards.greenhouse.io/lucidmotors/jobs/4766714007,"Python, Electrical Engineering, Communication","Electric Vehicles, Nuclear, Manufacturing"
ADAS Software Integration Engineer,Lucid Motors,"Newark, CA",Senior,3,5,Associate's,1,FALSE,Greenhouse API,https://job-boards.greenhouse.io/lucidmotors/jobs/4954042007,Communication,Electric Vehicles
ANDON Tech ,Lucid Motors,"Casa Grande, AZ",Lead/Principal,18,18,"Associate's, High School with 18 years (required)",1,FALSE,Greenhouse API,https://job-boards.greenhouse.io/lucidmotors/jobs/5041366007,"Excel, Communication","Electric Vehicles, Manufacturing"
"Assistant Manager, New Launch and Change Control",Lucid Motors,"King Abdullah Economic City, 02",Lead/Principal,2,10,,1,FALSE,Greenhouse API,https://job-boards.greenhouse.io/lucidmotors/jobs/4557274007,Communication,"Electric Vehicles, Circular Economy, Supply Chain, Manufacturing"
Associate Service Technician Coolidge,Lucid Motors,"Coolidge, AZ",Executive,3,18,Associate's,0.7999999999999999,FALSE,Greenhouse API,https://job-boards.greenhouse.io/lucidmotors/jobs/5004324007,Communication,Electric Vehicles
Inside Sales Associate,Lucid Motors,"Phoenix, AZ",Associate,2,3,Associate's,1,FALSE,Greenhouse API,https://job-boards.greenhouse.io/lucidmotors/jobs/4957536007,"Sales, Marketing, Communication",Electric Vehicles
Interactive Media and Instructional Designer ,Lucid Motors,"Fremont, CA",Associate,,,Associate's,1,FALSE,Greenhouse API,https://job-boards.greenhouse.io/lucidmotors/jobs/4915643007,"CAD, Project Management",Electric Vehicles
Lead Senior Financial Analyst (Corporate),Lucid Motors,"Newark, CA",Lead/Principal,3,5,Master's with 5+ years (preferred),1,FALSE,Greenhouse API,https://job-boards.greenhouse.io/lucidmotors/jobs/5026088007,"Finance, Excel, Communication",Electric Vehicles
"Maintenance Engineer - Mechanical, Body in White",Lucid Motors,"King Abdullah Economic City, 02",Senior,3,5,Associate's (required),1,FALSE,Greenhouse API,https://job-boards.greenhouse.io/lucidmotors/jobs/4839170007,"CAD, Mechanical Engineering, Excel, Communication","Electric Vehicles, Manufacturing"
"Staff Electrical Engineer, Power Electronics - BMS",Lucid Motors,"Newark, CA",Senior,5,5,Associate's,1,FALSE,Greenhouse API,https://job-boards.greenhouse.io/lucidmotors/jobs/4955213007,"Electrical Engineering, Battery Technology, Communication","Energy Storage, Electric Vehicles, Supply Chain, Manufacturing"
"Admin Assistant, Engineering",Lucid Motors,"Newark, CA",Entry-Level,1,2,Associate's,1,FALSE,Greenhouse API,https://job-boards.greenhouse.io/lucidmotors/jobs/5015108007,"Project Management, Excel, Communication","Electric Vehicles, Supply Chain"
Android Software Engineer,Lucid Motors,"Southfield, MI",Entry-Level,2,2,"Master's (preferred), Bachelor's (preferred), Associate's",1,FALSE,Greenhouse API,https://job-boards.greenhouse.io/lucidmotors/jobs/4848004007,Java,Electric Vehicles
Assistant Manager - Packaging Engineering,Lucid Motors,"King Abdullah Economic City, 02",Lead/Principal,2,10,Associate's,1,FALSE,Greenhouse API,https://job-boards.greenhouse.io/lucidmotors/jobs/4838999007,"CAD, Sustainability, Communication","Electric Vehicles, Materials, Supply Chain, Manufacturing"
"Assistant Manager, Production Planning & Control",Lucid Motors,"King Abdullah Economic City, 02",Lead/Principal,7,10,Associate's,1,FALSE,Greenhouse API,https://job-boards.greenhouse.io/lucidmotors/jobs/4996819007,"Project Management, Sales, Finance, Communication","Electric Vehicles, Supply Chain, Manufacturing"
"Assistant Service Manager - 2nd Shift - Riviera Beach, FL",Lucid Motors,"Riviera Beach, FL",Associate,3,3,"Bachelor's with 3 years (preferred), Associate's",1,FALSE,Greenhouse API,https://job-boards.greenhouse.io/lucidmotors/jobs/4918245007,Communication,Electric Vehicles
Accounting Summer Intern,Kairos Power,"Alameda, CA ",Internship,,,Associate's (or equivalent),1,FALSE,Greenhouse API,https://job-boards.greenhouse.io/kairospower/jobs/5719713004,"Data Analysis, Finance, Excel","Renewable Energy, Nuclear"
ASME Quality Control Program Manager,Kairos Power,"Albuquerque, NM ",Senior,7,7,Associate's,1,FALSE,Greenhouse API,https://job-boards.greenhouse.io/kairospower/jobs/5250036004,Communication,"Renewable Energy, Electric Vehicles, Nuclear, Manufacturing"
"BIM Senior Engineer I, Civil Structures (Revit Focused)",Kairos Power,"Alameda, CA or Remote in US",Senior,5,10,"Master's (preferred), Bachelor's with 7-10 years (required), Associate's",1,FALSE,Greenhouse API,https://job-boards.greenhouse.io/kairospower/jobs/5568825004,Communication,"Renewable Energy, Nuclear, Supply Chain"
Buyer I,Kairos Power,"Alameda, CA",Entry-Level,1,1,"Bachelor's with 1+ years (required), Associate's with 1+ years (required)",1,FALSE,Greenhouse API,https://job-boards.greenhouse.io/kairospower/jobs/5688296004,"Excel, Communication","Renewable Energy, Electric Vehicles, Nuclear, Supply Chain, Manufacturing"
Electrical Engineering Internship - Summer 2026,Kairos Power,"Alameda, CA or Albuquerque, NM ",Internship,,,"PhD (or equivalent), Master's (or equivalent), Bachelor's (or equivalent), Associate's",1,FALSE,Greenhouse API,https://job-boards.greenhouse.io/kairospower/jobs/5632633004,"Electrical Engineering, Mechanical Engineering, Chemical Engineering, Excel, Communication","Renewable Energy, Nuclear"
Facilities Electrical Technician,Kairos Power,"Albuquerque, NM",Associate,3,3,"Associate's (required), High School (or equivalent)",1,FALSE,Greenhouse API,https://job-boards.greenhouse.io/kairospower/jobs/5569287004,HVAC,"Renewable Energy, Electric Vehicles, Nuclear, Grid & Transmission, Built Environment, Manufacturing"
Marketing & Communications Intern,Kairos Power,"Albuquerque, NM ",Internship,3,3,"Master's with 3 years (or equivalent), Associate's",1,FALSE,Greenhouse API,https://job-boards.greenhouse.io/kairospower/jobs/5719856004,"Marketing, Communication","Renewable Energy, Electric Vehicles, Nuclear, Manufacturing"
Materials Computational Scientist Intern - Summer 2026,Kairos Power,"Alameda, CA ",Internship,,,"PhD (or equivalent), Master's (or equivalent), Associate's",1,FALSE,Greenhouse API,https://job-boards.greenhouse.io/kairospower/jobs/5763259004,"Python, SQL, Machine Learning, Communication","Renewable Energy, Nuclear"
Mechanical and Manufacturing Engineering Internship - Summer 2026,Kairos Power,"Alameda, CA or Albuquerque, NM ",Internship,,,"PhD (or equivalent), Associate's",1,FALSE,Greenhouse API,https://job-boards.greenhouse.io/kairospower/jobs/5632637004,"MATLAB, CAD, ANSYS, Mechanical Engineering, Excel, Communication","Renewable Energy, Electric Vehicles, Nuclear, Manufacturing"
"Chief of Staff to Vice President, Business Development & Finance",Kairos Power,"Alameda, CA",Executive,5,5,"Master's with 5+ years (preferred), Associate's",1,FALSE,Greenhouse API,https://job-boards.greenhouse.io/kairospower/jobs/5702780004,"Finance, Communication","Renewable Energy, Electric Vehicles, Nuclear, Manufacturing"
Computational Fluid Dynamics (CFD) Engineering Intern - Summer 2026,Kairos Power,"Alameda, CA",Internship,2,2,"PhD with 2+ years (or equivalent), Master's with 2+ years (or equivalent), Bachelor's with 2+ years (or equivalent), Associate's (or equivalent)",1,FALSE,Greenhouse API,https://job-boards.greenhouse.io/kairospower/jobs/5763780004,"Data Analysis, CAD, CFD, Mechanical Engineering, Communication","Renewable Energy, Nuclear"
Construction Projects Summer Intern,Kairos Power,"Albuquerque, NM or Oak Ridge, TN",Internship,,,Associate's,1,FALSE,Greenhouse API,https://job-boards.greenhouse.io/kairospower/jobs/5722108004,"CAD, Excel, Communication","Renewable Energy, Electric Vehicles, Nuclear"
"Director, Product Cost",Kairos Power,"Alameda, CA or Albuquerque, NM ",Executive,,,Associate's,1,FALSE,Greenhouse API,https://job-boards.greenhouse.io/kairospower/jobs/5681086004,"Python, Data Science, Data Analysis, Finance, Excel, Communication","Renewable Energy, Nuclear, Supply Chain, Manufacturing"
Early Career Professionals - Graduating 2025/2026,Kairos Power,"Alameda, CA, Albuquerque, NM, or Oak Ridge, TN ",Associate,,,,1,FALSE,Greenhouse API,https://job-boards.greenhouse.io/kairospower/jobs/5644550004,,"Renewable Energy, Nuclear"
Experienced Professionals,Kairos Power,"Alameda, CA, Albuquerque, NM, or Oak Ridge, Tennessee",Associate,,,,1,FALSE,Greenhouse API,https://job-boards.greenhouse.io/kairospower/jobs/4101384004,,"Renewable Energy, Nuclear"
Fabricator - Pipe Spools,Kairos Power,"Albuquerque, NM",Associate,1,3,"Associate's (required), High School with 1-3 years",1,FALSE,Greenhouse API,https://job-boards.greenhouse.io/kairospower/jobs/5650279004,CAD,"Renewable Energy, Electric Vehicles, Nuclear, Manufacturing"
Facilities Mechanical Technician,Kairos Power,"Albuquerque, NM",Associate,3,3,"Associate's, High School (or equivalent)",1,FALSE,Greenhouse API,https://job-boards.greenhouse.io/kairospower/jobs/5565340004,"HVAC, Communication","Energy Storage, Renewable Energy, Electric Vehicles, Nuclear, Grid & Transmission, Built Environment, Manufacturing"
Finance Intern - Summer 2026,Kairos Power,Remote,Internship,,,Associate's,1,FALSE,Greenhouse API,https://job-boards.greenhouse.io/kairospower/jobs/5718787004,"SQL, Finance, Excel","Renewable Energy, Nuclear, Supply Chain"
Fuels Process Engineer,Kairos Power,"Albuquerque, NM",Senior,5,5,Associate's,1,FALSE,Greenhouse API,https://job-boards.greenhouse.io/kairospower/jobs/5616605004,"CAD, Mechanical Engineering, Chemical Engineering, Communication","Renewable Energy, Electric Vehicles, Nuclear, Materials, Supply Chain, Manufacturing"
Fuels Program Mechanical Technologist,Kairos Power,"Albuquerque, NM",Senior,6,6,"Associate's (preferred), High School with 6+ years (preferred)",1,FALSE,Greenhouse API,https://job-boards.greenhouse.io/kairospower/jobs/5600847004,,"Renewable Energy, Electric Vehicles, Nuclear, Agriculture, Manufacturing"
Government Affairs Internship ,Kairos Power,"Alameda, CA or Albuquerque, NM ",Internship,,,Associate's,1,FALSE,Greenhouse API,https://job-boards.greenhouse.io/kairospower/jobs/5728492004,Communication,"Renewable Energy, Nuclear, Policy & Advocacy"
Learning and Development Intern,Kairos Power,"Alameda, CA",Internship,,,"Bachelor's, Associate's",1,FALSE,Greenhouse API,https://job-boards.greenhouse.io/kairospower/jobs/5783290004,Communication,"Renewable Energy, Nuclear"
Machinist III,Kairos Power,"Richmond, CA",Senior,5,5,"Associate's, High School with 5+ years (required)",1,FALSE,Greenhouse API,https://job-boards.greenhouse.io/kairospower/jobs/5597984004,CAD,"Renewable Energy, Electric Vehicles, Nuclear, Manufacturing"
"Manager, Commercial Program Management",Kairos Power,"Alameda, CA or Remote",Senior,5,5,Associate's,1,FALSE,Greenhouse API,https://job-boards.greenhouse.io/kairospower/jobs/5702751004,"Project Management, Communication","Renewable Energy, Nuclear, Supply Chain"
Manufacturing Integration Engineer,Kairos Power,"Albuquerque, NM",Senior,7,7,"Master's (preferred), Associate's",1,FALSE,Greenhouse API,https://job-boards.greenhouse.io/kairospower/jobs/5624181004,"Mechanical Engineering, Project Management, Agile, Communication","Renewable Energy, Electric Vehicles, Nuclear, Materials, Supply Chain, Manufacturing"
Material Control Specialist,Kairos Power,"Albuquerque, NM",Entry-Level,2,2,"Associate's with 2+ years (preferred), High School with 2+ years (preferred)",1,FALSE,Greenhouse API,https://job-boards.greenhouse.io/kairospower/jobs/5586338004,"Excel, Communication","Energy Storage, Renewable Energy, Electric Vehicles, Nuclear, Supply Chain, Manufacturing"
Mechanical Design and Qualification Engineer,Kairos Power,"Albuquerque, NM",Associate,,,"Master's (or equivalent), Bachelor's (or equivalent), Associate's",1,FALSE,Greenhouse API,https://job-boards.greenhouse.io/kairospower/jobs/5556422004,"CAD, Mechanical Engineering, Communication","Renewable Energy, Electric Vehicles, Carbon Removal, Nuclear, Circular Economy, Manufacturing"
"Mechanical Engineer, Fuels Program",Kairos Power,"Albuquerque, NM",Senior,6,6,"Bachelor's with 6+ years (or equivalent), Associate's with 6+ years (or equivalent)",1,FALSE,Greenhouse API,https://job-boards.greenhouse.io/kairospower/jobs/5667161004,"CAD, SCADA, Mechanical Engineering, Chemical Engineering, Communication","Renewable Energy, Electric Vehicles, Nuclear, Agriculture, Manufacturing"
Mechanical Test Engineer,Kairos Power,"Alameda, CA",Associate,3,3,Associate's with 3+ years,1,FALSE,Greenhouse API,https://job-boards.greenhouse.io/kairospower/jobs/5653604004,"CAD, FEA, CFD, Mechanical Engineering, Communication","Renewable Energy, Electric Vehicles, Nuclear, Manufacturing"
Network Engineer - IT Infrastructure ,Kairos Power,"Albuquerque, NM ",Senior,3,7,Associate's with 3+ years (or equivalent),1,FALSE,Greenhouse API,https://job-boards.greenhouse.io/kairospower/jobs/5341440004,"AWS, Azure, GCP, Terraform, Communication","Renewable Energy, Electric Vehicles, Nuclear, Manufacturing"
Non-Destructive Evaluation (NDE) Engineer,Kairos Power,"Alameda, CA or Albuquerque, NM ",Lead/Principal,10,10,"PhD with 10+ years (preferred), Master's with 10+ years (preferred), Bachelor's with 10+ years (preferred), Associate's with 10+ years (preferred)",1,FALSE,Greenhouse API,https://job-boards.greenhouse.io/kairospower/jobs/5464801004,"Electrical Engineering, Mechanical Engineering, Project Management, Communication","Renewable Energy, Electric Vehicles, Nuclear, Manufacturing"
Nuclear Safety Analysis Engineering Intern - Summer 2026,Kairos Power,"Albuquerque, NM ",Internship,,,"PhD (required), Master's (required), Associate's",1,FALSE,Greenhouse API,https://job-boards.greenhouse.io/kairospower/jobs/5764688004,"Python, R, Docker, Chemical Engineering, Communication","Renewable Energy, Nuclear"
"Operator in Oak Ridge, TN (Albuquerque, NM to start)",Kairos Power,"Albuquerque, NM and Oak Ridge, TN ",Entry-Level,2,2,"Bachelor's with 2+ years (or equivalent), Associate's",1,FALSE,Greenhouse API,https://job-boards.greenhouse.io/kairospower/jobs/5148694004,Excel,"Renewable Energy, Electric Vehicles, Nuclear, Manufacturing"
Operators ,Kairos Power,"Albuquerque, NM ",Entry-Level,2,2,Associate's with 2+ years (or equivalent),1,FALSE,Greenhouse API,https://job-boards.greenhouse.io/kairospower/jobs/5158596004,"Excel, Communication","Renewable Energy, Electric Vehicles, Nuclear, Manufacturing"
"Plant Manager, Engineering Operations",Kairos Power,"Albuquerque, NM",Lead/Principal,5,10,"Bachelor's with 10+ years (preferred), Associate's",1,FALSE,Greenhouse API,https://job-boards.greenhouse.io/kairospower/jobs/5540310004,"Mechanical Engineering, Chemical Engineering","Renewable Energy, Electric Vehicles, Nuclear, Supply Chain, Manufacturing"
"Process Engineer, Molten Salt Inventory Management System ",Kairos Power,"Albuquerque, NM or Alameda, CA",Associate,,,Associate's (required),1,FALSE,Greenhouse API,https://job-boards.greenhouse.io/kairospower/jobs/5677856004,"CAD, Mechanical Engineering, Chemical Engineering, Communication","Renewable Energy, Electric Vehicles, Nuclear, Materials, Manufacturing"
Quality Innovation Intern,Kairos Power,"Albuquerque, NM ",Internship,,,Associate's,1,FALSE,Greenhouse API,https://job-boards.greenhouse.io/kairospower/jobs/5712521004,"Python, Docker, Data Analysis, Communication","Renewable Energy, Electric Vehicles, Nuclear, Manufacturing"
Regulatory Compliance Engineer - Licensing,Kairos Power,"Oak Ridge, TN ",Associate,3,3,"Bachelor's with 3+ years (or equivalent), Associate's",1,FALSE,Greenhouse API,https://job-boards.greenhouse.io/kairospower/jobs/5632455004,Communication,"Renewable Energy, Electric Vehicles, Nuclear, Agriculture, Manufacturing"
Reliability Engineering Intern,Kairos Power,"Albuquerque, NM ",Internship,,,Associate's,1,FALSE,Greenhouse API,https://job-boards.greenhouse.io/kairospower/jobs/5695279004,"Python, Docker, Data Analysis, Mechanical Engineering, Chemical Engineering, Communication","Renewable Energy, Electric Vehicles, Nuclear, Manufacturing"
Senior Civil Structural Engineer,Kairos Power,"Alameda, CA",Senior,2,5,Associate's,1,FALSE,Greenhouse API,https://job-boards.greenhouse.io/kairospower/jobs/5599622004,Communication,"Renewable Energy, Nuclear"
Senior Control Room Operator,Kairos Power,"Albuquerque, NM",Senior,5,5,Associate's with 5+ years (required),1,FALSE,Greenhouse API,https://job-boards.greenhouse.io/kairospower/jobs/5775766004,"Excel, Communication","Renewable Energy, Nuclear"
Senior Electron Beam Welding Engineer,Kairos Power,"Albuquerque, NM",Senior,,,Associate's with 5 years (required),1,FALSE,Greenhouse API,https://job-boards.greenhouse.io/kairospower/jobs/5619089004,"AWS, Data Analysis, CAD, Mechanical Engineering, Agile, Communication","Renewable Energy, Electric Vehicles, Nuclear, Manufacturing"
"Senior Engineer, Engineering Operations",Kairos Power,"Albuquerque, NM ",Senior,,,"Bachelor's with 7 years (or equivalent), Associate's with 7 years (or equivalent)",1,FALSE,Greenhouse API,https://job-boards.greenhouse.io/kairospower/jobs/5371179004,"SCADA, Electrical Engineering, Mechanical Engineering, Communication","Renewable Energy, Electric Vehicles, Nuclear"
"Senior Engineer, Power Plant Operational Design",Kairos Power,"Alameda, CA",Senior,4,6,"Master's with 6+ years, Bachelor's with 6+ years, Associate's with 6+ years",1,FALSE,Greenhouse API,https://job-boards.greenhouse.io/kairospower/jobs/5527250004,,"Renewable Energy, Electric Vehicles, Nuclear"
"Senior Engineer, Power Plant Operational Design",Kairos Power,"Albuquerque, NM ",Senior,4,6,"Master's with 6+ years, Bachelor's with 6+ years, Associate's with 6+ years",1,FALSE,Greenhouse API,https://job-boards.greenhouse.io/kairospower/jobs/5527556004,,"Renewable Energy, Electric Vehicles, Nuclear"
"Senior Mechanical Engineer, High-Temperature Fluid Systems and Component Design",Kairos Power,"Alameda, CA or Albuquerque, NM ",Senior,,,Associate's,1,FALSE,Greenhouse API,https://job-boards.greenhouse.io/kairospower/jobs/5406294004,"CAD, ANSYS, FEA, CFD, Electrical Engineering, Mechanical Engineering","Renewable Energy, Electric Vehicles, Nuclear, Built Environment, Manufacturing"
"Senior Mechanical Engineer, Remote Handling and Full Scale Integration",Kairos Power,"Oak Ridge, TN",Senior,8,8,"Bachelor's with 8+ years (or equivalent), Associate's with 8+ years (or equivalent)",1,FALSE,Greenhouse API,https://job-boards.greenhouse.io/kairospower/jobs/5272080004,"Python, MATLAB, Mechanical Engineering, Communication","Renewable Energy, Electric Vehicles, Nuclear, Manufacturing"
Senior Mill-Turn Machinist,Kairos Power,"Alameda, CA or Richmond, CA",Senior,5,5,"Associate's, High School with 5+ years (required)",1,FALSE,Greenhouse API,https://job-boards.greenhouse.io/kairospower/jobs/5597982004,CAD,"Renewable Energy, Electric Vehicles, Nuclear, Manufacturing"
Senior Nuclear Facility Engineer,Kairos Power,"Alameda, CA or Remote in US",Senior,5,5,Associate's with 5+ years (or equivalent),1,FALSE,Greenhouse API,https://job-boards.greenhouse.io/kairospower/jobs/5704966004,"CAD, FEA, CFD, Solar, Communication","Renewable Energy, Electric Vehicles, Nuclear, Manufacturing"
Senior Nuclear Process Engineer  Inert Gas and Tritium Management,Kairos Power,"Oak Ridge, TN or Albuquerque, NM",Senior,7,7,"Bachelor's with 7+ years, Associate's",1,FALSE,Greenhouse API,https://job-boards.greenhouse.io/kairospower/jobs/5611835004,"Mechanical Engineering, Communication","Renewable Energy, Nuclear, Materials"
Senior Structural FEA Engineer,Kairos Power,"Alameda, CA",Senior,5,5,"PhD with 5 years (required), Master's (required), Associate's (or equivalent)",1,FALSE,Greenhouse API,https://job-boards.greenhouse.io/kairospower/jobs/5566800004,"Python, CAD, ANSYS, FEA, Communication","Renewable Energy, Nuclear"
"Senior Test Engineer, Instrumentation & Controls",Kairos Power,"Alameda, CA",Senior,8,10,"Master's with 10+ years (or equivalent), Bachelor's with 10+ years (required), Associate's (required)",1,FALSE,Greenhouse API,https://job-boards.greenhouse.io/kairospower/jobs/5458117004,"MATLAB, CAD, Electrical Engineering, Mechanical Engineering","Renewable Energy, Electric Vehicles, Nuclear"
Supply Chain & Procurement Intern,Kairos Power,"Albuquerque, NM ",Internship,,,"Associate's (or equivalent), High School (or equivalent)",1,FALSE,Greenhouse API,https://job-boards.greenhouse.io/kairospower/jobs/5735571004,"Data Analysis, Sales, Excel, Communication","Renewable Energy, Electric Vehicles, Nuclear, Supply Chain, Manufacturing"
TDL Fuels IC&E Engineer,Kairos Power,"Albuquerque, NM",Senior,5,5,Associate's with 5+ years (or equivalent),1,FALSE,Greenhouse API,https://job-boards.greenhouse.io/kairospower/jobs/5595144004,"CAD, Electrical Engineering, Mechanical Engineering, Communication","Renewable Energy, Electric Vehicles, Nuclear, Supply Chain, Manufacturing"
Test Engineer - Instrumentation and Controls,Kairos Power,"Alameda, CA",Associate,3,3,Associate's with 3+ years (required),1,FALSE,Greenhouse API,https://job-boards.greenhouse.io/kairospower/jobs/5654962004,"Python, CAD, PLC, Electrical Engineering, Mechanical Engineering, Communication","Renewable Energy, Electric Vehicles, Nuclear, Manufacturing"
Thermal Hydraulics Model Development Engineering Intern - Summer 2026,Kairos Power,"Alameda, CA or Remote",Internship,,,"PhD (preferred), Associate's (or equivalent)",1,FALSE,Greenhouse API,https://job-boards.greenhouse.io/kairospower/jobs/5763261004,Mechanical Engineering,"Renewable Energy, Nuclear"
Accounting Intern,Redwood Materials,"Carson City, NV",Internship,,,"Bachelor's, Associate's",1,FALSE,Greenhouse API,https://boards.greenhouse.io/redwoodmaterials/jobs/5781936004?gh_jid=5781936004,"Battery Technology, Finance, Excel, Communication","Energy Storage, Electric Vehicles, Circular Economy, Supply Chain, Manufacturing"
"Associate Manager, Logistics",Redwood Materials,"McCarran, NV",Associate,,,Associate's with 5 years (preferred),1,FALSE,Greenhouse API,https://boards.greenhouse.io/redwoodmaterials/jobs/5799506004?gh_jid=5799506004,"Battery Technology, Communication","Energy Storage, Electric Vehicles, Circular Economy, Supply Chain"
Backend Engineering Intern,Redwood Materials,"McCarran, NV",Internship,,,"Master's (preferred), Bachelor's (preferred)",1,FALSE,Greenhouse API,https://boards.greenhouse.io/redwoodmaterials/jobs/5792229004?gh_jid=5792229004,"Python, AWS, Docker, Kubernetes, CI/CD, Mechanical Engineering, Battery Technology","Energy Storage, Electric Vehicles, Circular Economy, Supply Chain, Manufacturing"
Calibration Technician,Redwood Materials,"McCarran, NV",Associate,,,Associate's (required),1,FALSE,Greenhouse API,https://boards.greenhouse.io/redwoodmaterials/jobs/5781336004?gh_jid=5781336004,"Battery Technology, Sustainability, Communication","Energy Storage, Agriculture, Circular Economy, Supply Chain, Manufacturing"
Chemical Engineering Intern,Redwood Materials,"Carson City, NV; McCarran, NV",Internship,,,"Bachelor's, Associate's (preferred)",1,FALSE,Greenhouse API,https://boards.greenhouse.io/redwoodmaterials/jobs/5790740004?gh_jid=5790740004,"Chemical Engineering, Battery Technology, Sustainability","Energy Storage, Electric Vehicles, Materials, Circular Economy, Supply Chain, Manufacturing"
Commercial Operations Associate,Redwood Materials,"Carson City, NV",Associate,1,3,"Associate's, High School with 1-3 years (required)",1,FALSE,Greenhouse API,https://boards.greenhouse.io/redwoodmaterials/jobs/5748946004?gh_jid=5748946004,"Battery Technology, Sustainability, Sales, Finance, Excel, Communication","Energy Storage, Circular Economy, Supply Chain"
"Compliance Engineer, Energy Storage",Redwood Materials,"San Francisco, California, United States",Senior,7,7,Associate's,1,FALSE,Greenhouse API,https://boards.greenhouse.io/redwoodmaterials/jobs/5734264004?gh_jid=5734264004,"Battery Technology, Sustainability, Communication","Energy Storage, Circular Economy, Supply Chain, Manufacturing, Policy & Advocacy"
"Director of Power Electronics and Electrical Engineering, Energy Storage",Redwood Materials,"San Francisco, California, United States",Executive,7,7,"Master's with 7+ years (preferred), Bachelor's with 7+ years (preferred), Associate's",1,FALSE,Greenhouse API,https://boards.greenhouse.io/redwoodmaterials/jobs/5737884004?gh_jid=5737884004,"CAD, Electrical Engineering, Battery Technology, Project Management, Communication","Energy Storage, Grid & Transmission, Circular Economy, Supply Chain, Manufacturing"
"Mechanical Design Engineer, Energy Storage",Redwood Materials,"San Francisco, California, United States",Senior,7,7,"Master's with 7+ years (preferred), Bachelor's with 7+ years (preferred), Associate's",1,FALSE,Greenhouse API,https://boards.greenhouse.io/redwoodmaterials/jobs/5737894004?gh_jid=5737894004,"CAD, FEA, CFD, Mechanical Engineering, Battery Technology, Communication","Energy Storage, Grid & Transmission, Built Environment, Circular Economy, Supply Chain, Manufacturing"
"Business Development Manager, Energy Storage",Redwood Materials,"San Francisco, California, United States",Senior,5,5,,1,FALSE,Greenhouse API,https://boards.greenhouse.io/redwoodmaterials/jobs/5572952004?gh_jid=5572952004,"Battery Technology, Solar, Sustainability, Sales, Finance","Energy Storage, Renewable Energy, Circular Economy, Supply Chain"