title,company,location,url,climate_categories
"Account Executive, Market Intelligence (Payer)",Arcadia,Remote (USA),https://jobs.lever.co/arcadia/8c03677a-e8fc-4f41-83de-3e30de8afca8,Manufacturing > Clean Steel > H2-Based Reduction | Climate Data & Software > MRV
"Analyst, Customer Insights",Arcadia,Remote (USA),https://jobs.lever.co/arcadia/74e81f80-4801-42e5-a75a-da0712e2bbbb,Manufacturing > Clean Steel > H2-Based Reduction | Climate Data & Software > MRV
Customer Success Manager,Arcadia,Remote,https://jobs.lever.co/arcadia/878f8c29-b287-488d-b6c0-e65e059f24b4,Manufacturing > Clean Steel > H2-Based Reduction
Enterprise Project Associate,Arcadia,Remote (USA),https://jobs.lever.co/arcadia/d5633dd1-996b-4d48-b4aa-ebb8dd6382c5,Manufacturing > Clean Steel > H2-Based Reduction
Lead Data Engineer,Arcadia,Remote (USA),https://jobs.lever.co/arcadia/811000d1-b400-491b-a712-f2484ba03e66,Manufacturing > Clean Cement > Low-Clinker Concrete | Manufacturing > Clean Steel > H2-Based Reduction
"Principal Software Engineer (Full Stack, Backend-Focused)",Arcadia,Remote (USA),https://jobs.lever.co/arcadia/a5711ac1-89d9-4441-bb3c-e4b08e9ff0db,Manufacturing > Clean Steel > H2-Based Reduction | Climate Data & Software > MRV | Policy & Advocacy > Environmental Policy
"Account Executive, Market Intelligence (Provider)",Arcadia,Remote (USA),https://jobs.lever.co/arcadia/ff5026f4-17d5-47de-89c8-09fec7336096,Manufacturing > Clean Steel > H2-Based Reduction | Climate Data & Software > MRV
Application Enablement Analyst,Arcadia,Remote (USA),https://jobs.lever.co/arcadia/65864afa-29de-41ba-afbf-e69b237694da,Manufacturing > Clean Cement > Low-Clinker Concrete | Manufacturing > Clean Steel > H2-Based Reduction
"Director, Delivery & Operations - Life Sciences",Arcadia,Remote (USA),https://jobs.lever.co/arcadia/16969bb0-1816-4cc2-947b-99ae83be571c,Manufacturing > Clean Steel > H2-Based Reduction | Supply Chain > Logistics Optimization
Enterprise Implementation Manager,Arcadia,"Remote or Boston, MA",https://jobs.lever.co/arcadia/25987916-7e77-4ee1-af3a-6c3334364190,Manufacturing > Clean Steel > H2-Based Reduction
Corporate Counsel,Voltus,Remote,https://jobs.lever.co/voltus/44150655-20d1-4958-94cb-40c7dff72d1b,Manufacturing > Clean Steel > H2-Based Reduction | Policy & Advocacy > Environmental Policy
Sales Associate (Remote),Voltus,Remote,https://jobs.lever.co/voltus/e6e12da1-116e-4fa9-bb36-a6d224aaee4f,Transportation > Vehicle Electrification > Flexible EV Charging | Electricity > Energy Storage > Electrochemical | Manufacturing > Clean Steel > H2-Based Reduction
Sales Director (CAISO),Voltus,Remote,https://jobs.lever.co/voltus/6e1d453b-f0e2-45a5-a442-fc7757d9a8d9,Transportation > Vehicle Electrification > Flexible EV Charging | Transportation > Vehicle Electrification > Battery Performance | Electricity > Energy Storage > Electrochemical | Electricity > Energy Storage > Demand Response | Manufacturing > Clean Steel > H2-Based Reduction
Security Engineering Intern,Voltus,Remote,https://jobs.lever.co/voltus/c9d1b3b7-8647-4167-aa87-02c3ba68ce7e,Climate Data & Software > MRV | Policy & Advocacy > Environmental Policy | Supply Chain > Logistics Optimization
Software Engineer,Voltus,Remote,https://jobs.lever.co/voltus/c8e44a4d-f53f-495d-835e-749f1d55d109,
Energy Markets Intern,Voltus,Remote,https://jobs.lever.co/voltus/393be62e-9b99-4158-80ad-6a0d5b73b1c9,Electricity > Energy Storage > Demand Response | Buildings > Operational Efficiency > Smart Buildings | Policy & Advocacy > Environmental Policy
Energy Markets Intern (MISO),Voltus,Remote,https://jobs.lever.co/voltus/b7833dd8-d742-44d8-aae2-2e7de7541ce4,Electricity > Energy Storage > Demand Response | Manufacturing > Clean Steel > H2-Based Reduction
IT System Administrator Intern,Voltus,Remote,https://jobs.lever.co/voltus/7af18b84-6567-433a-aa92-640fab747fcf,Electricity > Low-Emissions Generation > Wind | Manufacturing > Clean Cement > Low-Clinker Concrete | Climate Data & Software > MRV | Policy & Advocacy > Environmental Policy
Director of Electrochemistry,Hgen,Los Angeles,https://jobs.lever.co/hgen/b522b9fe-1fc7-48f8-8c28-84b422432223,Transportation > Sustainable Fuels > Alternative Fuel Production | Electricity > Energy Storage > Electrochemical | Electricity > Energy Storage > Chemical | Manufacturing > Clean Steel > H2-Based Reduction | Manufacturing > Chemicals & Plastics > Hydrogen Production
Electrochemical Engineer,Hgen,Los Angeles,https://jobs.lever.co/hgen/ab0b62aa-eff6-4bfc-b6a2-86d93bb5f66f,Transportation > Sustainable Fuels > Alternative Fuel Production | Electricity > Energy Storage > Electrochemical | Electricity > Energy Storage > Chemical | Manufacturing > Clean Steel > H2-Based Reduction | Manufacturing > Chemicals & Plastics > Hydrogen Production
Principal Mechanical Design Engineer,Hgen,Los Angeles,https://jobs.lever.co/hgen/ebe470fd-0d65-4b77-b867-ef4da5b8bfad,Transportation > Sustainable Fuels > Alternative Fuel Production | Electricity > Energy Storage > Chemical | Manufacturing > Clean Steel > H2-Based Reduction | Manufacturing > Chemicals & Plastics > Hydrogen Production
R&D Technician,Hgen,Los Angeles,https://jobs.lever.co/hgen/810aefad-f185-4c92-a69f-b71dc47c1ec5,Transportation > Sustainable Fuels > Alternative Fuel Production | Electricity > Energy Storage > Chemical | Manufacturing > Chemicals & Plastics > Hydrogen Production | Manufacturing > Fashion & Textiles > Alternative Fibers
Senior/Staff Controls Systems Engineer,Hgen,Los Angeles,https://jobs.lever.co/hgen/a308c5bc-a2e4-4de4-9680-68970f2666bf,Transportation > Sustainable Fuels > Alternative Fuel Production | Electricity > Energy Storage > Chemical | Manufacturing > Clean Steel > H2-Based Reduction | Manufacturing > Chemicals & Plastics > Hydrogen Production | Climate Data & Software > MRV | Policy & Advocacy > Environmental Policy
Test Specialist,Hgen,Los Angeles,https://jobs.lever.co/hgen/de3b4e07-d6e8-4331-b29f-494ab18f158d,Transportation > Sustainable Fuels > Alternative Fuel Production | Electricity > Energy Storage > Chemical | Manufacturing > Chemicals & Plastics > Hydrogen Production | Manufacturing > Fashion & Textiles > Alternative Fibers
Senior Mechanical Design Engineer,Hgen,Los Angeles,https://jobs.lever.co/hgen/e8562260-99ee-482f-8768-44387bd45d6f,Transportation > Sustainable Fuels > Alternative Fuel Production | Electricity > Energy Storage > Chemical | Manufacturing > Clean Steel > H2-Based Reduction | Manufacturing > Chemicals & Plastics > Hydrogen Production
Energy Systems Research Engineer,Gridmatic,"Cupertino, CA",https://jobs.lever.co/gridmatic/fef43ee6-b864-43bf-9f98-b8917c8b1f78,Transportation > Vehicle Electrification > Battery Performance | Electricity > Low-Emissions Generation > Solar | Electricity > Low-Emissions Generation > Wind | Electricity > Energy Storage > Electrochemical | Electricity > Energy Storage > Demand Response | Manufacturing > Clean Steel > H2-Based Reduction | Policy & Advocacy > Environmental Policy
"Senior Analyst, Retail Operations",Gridmatic,Texas,https://jobs.lever.co/gridmatic/f240d872-298e-4e4b-92f0-3f5ea1aba701,Transportation > Vehicle Electrification > Battery Performance | Electricity > Low-Emissions Generation > Solar | Electricity > Low-Emissions Generation > Wind | Electricity > Energy Storage > Electrochemical | Manufacturing > Clean Steel > H2-Based Reduction | Climate Data & Software > MRV | Policy & Advocacy > Environmental Policy
"Senior Software Engineer, Data Infrastructure",Gridmatic,"Cupertino, CA",https://jobs.lever.co/gridmatic/c3bb3e8f-fa80-4ff8-9907-dad0f39e4a18,Transportation > Vehicle Electrification > Battery Performance | Electricity > Low-Emissions Generation > Solar | Electricity > Low-Emissions Generation > Wind | Electricity > Energy Storage > Electrochemical | Manufacturing > Clean Steel > H2-Based Reduction | Climate Data & Software > Climate Analytics
"Senior Software Engineer, Platform",Gridmatic,"Cupertino, CA",https://jobs.lever.co/gridmatic/6a1f912b-be0b-4e0b-bf4f-6c85cdda42ad,Transportation > Vehicle Electrification > Battery Performance | Electricity > Low-Emissions Generation > Solar | Electricity > Low-Emissions Generation > Wind | Electricity > Energy Storage > Electrochemical | Manufacturing > Clean Steel > H2-Based Reduction | Climate Data & Software > MRV
"Software Engineer, Energy Sales Platform",Gridmatic,"Cupertino, CA",https://jobs.lever.co/gridmatic/79bc50a9-8e39-4c0c-ab64-5d4e609d9b65,Transportation > Vehicle Electrification > Flexible EV Charging | Transportation > Vehicle Electrification > Battery Performance | Electricity > Low-Emissions Generation > Solar | Electricity > Low-Emissions Generation > Wind | Electricity > Energy Storage > Electrochemical | Buildings > Operational Efficiency > Smart Buildings | Manufacturing > Clean Steel > H2-Based Reduction
CDL Class A Tanker Driver/Side Operator Qualified,Charmindustrial,"St. Landry, LA",https://jobs.lever.co/charmindustrial/3e0de5bc-76f3-48c4-bce0-efb4ead8bbbe,Transportation > Sustainable Fuels > Alternative Fuel Production | Transportation > Sustainable Fuels > Scalable Biofuels | Food & Agriculture > Wildfire > Prevention & Suppression | Manufacturing > Clean Steel > H2-Based Reduction | Manufacturing > Fashion & Textiles > Alternative Fibers | GHG Removal > Biological > Biomass Utilization
Engineering Fabricator,Charmindustrial,"Fort Lupton, CO",https://jobs.lever.co/charmindustrial/570ab567-4e9a-4b13-94d7-af6cf928f1d7,Transportation > Sustainable Fuels > Alternative Fuel Production | Transportation > Sustainable Fuels > Scalable Biofuels | Electricity > Low-Emissions Generation > Nuclear Fusion | Manufacturing > Clean Steel > H2-Based Reduction | Manufacturing > Fashion & Textiles > Alternative Fibers | GHG Removal > Biological > Biomass Utilization
Geo-Chemical Scientist,Charmindustrial,"Fort Lupton, CO",https://jobs.lever.co/charmindustrial/d84aa83e-17ea-49e1-99da-27e98067a4a9,Transportation > Sustainable Fuels > Alternative Fuel Production | Transportation > Sustainable Fuels > Scalable Biofuels | Food & Agriculture > Sustainable Crops > Regenerative Agriculture | Manufacturing > Cross-Cutting > CCUS | GHG Removal > Biological > Biomass Utilization | GHG Removal > Engineered > Carbon Storage | Climate Data & Software > MRV
Land Acquisition Manager,Charmindustrial,"Fort Lupton, CO",https://jobs.lever.co/charmindustrial/e5c2f482-6b69-46a6-bd08-b7cef5a47bd1,Transportation > Sustainable Fuels > Alternative Fuel Production | Transportation > Sustainable Fuels > Scalable Biofuels | Food & Agriculture > Sustainable Crops > Regenerative Agriculture | Manufacturing > Clean Steel > H2-Based Reduction | Manufacturing > Cross-Cutting > CCUS | Manufacturing > Cross-Cutting > Waste & Recycling | GHG Removal > Biological > Biomass Utilization | GHG Removal > Engineered > Carbon Storage | Climate Data & Software > MRV | Supply Chain > Logistics Optimization
People & Safety Administrator,Charmindustrial,"Fort Lupton, CO",https://jobs.lever.co/charmindustrial/126391b9-cc1a-46d7-999a-bbd9fc5760ea,Transportation > Sustainable Fuels > Alternative Fuel Production | Transportation > Sustainable Fuels > Scalable Biofuels | Manufacturing > Clean Steel > H2-Based Reduction | Manufacturing > Cross-Cutting > Waste & Recycling | GHG Removal > Biological > Biomass Utilization | Climate Data & Software > MRV | Policy & Advocacy > Environmental Policy
Pyrolysis Mechanical Engineer II,Charmindustrial,"Fort Lupton, CO",https://jobs.lever.co/charmindustrial/b0b3e005-f61b-45df-ae7e-3c7897693d74,Transportation > Sustainable Fuels > Alternative Fuel Production | Transportation > Sustainable Fuels > Scalable Biofuels | Food & Agriculture > Sustainable Crops > Precision Agriculture | Manufacturing > Fashion & Textiles > Alternative Fibers | GHG Removal > Biological > Biomass Utilization
"Design Systems Engineer, HMI",Revel,Los Angeles,https://jobs.lever.co/revel/0750d31d-53cc-4a73-9660-54560800a0e1,Transportation > Sustainable Fuels > Alternative Fuel Production | Electricity > Low-Emissions Generation > Nuclear Fission | Manufacturing > Clean Cement > Low-Clinker Concrete | Manufacturing > Clean Steel > H2-Based Reduction
Embedded Software Engineer,Revel,Los Angeles,https://jobs.lever.co/revel/665ebd9d-5840-44e3-aa77-b69b1db969b0,Transportation > Sustainable Fuels > Alternative Fuel Production | Manufacturing > Clean Steel > H2-Based Reduction
IT / InfoSec Administrator,Revel,Los Angeles,https://jobs.lever.co/revel/d4977b6b-2df7-496b-b359-7de20a6aa9c7,Transportation > Sustainable Fuels > Alternative Fuel Production | Electricity > Low-Emissions Generation > Wind | Electricity > Transmission & Distribution > Advanced Conductors | Manufacturing > Clean Steel > H2-Based Reduction | Policy & Advocacy > Environmental Policy
Product Designer,Revel,Los Angeles,https://jobs.lever.co/revel/cae2b56a-8535-458d-931d-243887ed068e,Transportation > Sustainable Fuels > Alternative Fuel Production | Manufacturing > Clean Steel > H2-Based Reduction
Operations Coordinator,Revel,Los Angeles,https://jobs.lever.co/revel/9836a8da-8728-4796-91a1-ce797d3227e5,Transportation > Sustainable Fuels > Alternative Fuel Production | Supply Chain > Logistics Optimization
Simulation Software Engineer,Revel,Los Angeles,https://jobs.lever.co/revel/d3aa3609-1d87-4bdc-ae64-1b411f971ac9,Transportation > Sustainable Fuels > Alternative Fuel Production
Software Engineer - Front End,Revel,Los Angeles,https://jobs.lever.co/revel/b07210db-8ed9-41e2-95e9-c62029b7192b,Transportation > Sustainable Fuels > Alternative Fuel Production | Manufacturing > Clean Steel > H2-Based Reduction
Software Engineer - Infrastructure & Deployment,Revel,Los Angeles,https://jobs.lever.co/revel/6fe0ec62-3b44-4c87-ac7c-950536f1a2cc,Transportation > Sustainable Fuels > Alternative Fuel Production | Climate Data & Software > MRV
Software Engineer - Rust / Backend,Revel,Los Angeles,https://jobs.lever.co/revel/6fd8a209-215d-4908-be5e-3c19ea711937,Transportation > Sustainable Fuels > Alternative Fuel Production
Software Engineer - Test,Revel,Los Angeles,https://jobs.lever.co/revel/1cd494bc-b3cc-466e-a12d-cfb15e3f4a68,Transportation > Sustainable Fuels > Alternative Fuel Production | Manufacturing > Clean Cement > Low-Clinker Concrete | Manufacturing > Clean Steel > H2-Based Reduction
Solutions Engineer,Revel,Los Angeles,https://jobs.lever.co/revel/2d25e75d-e93d-4f2f-b4ae-834a22011d31,Transportation > Sustainable Fuels > Alternative Fuel Production | Food & Agriculture > Sustainable Crops > Precision Agriculture
Technical Recruiter,Revel,Los Angeles,https://jobs.lever.co/revel/11c25fbf-44a0-4097-998c-2dadf5ce8f83,Transportation > Sustainable Fuels > Alternative Fuel Production | Climate Data & Software > MRV | Supply Chain > Logistics Optimization
Product Manager,Farmwise,"Santa Clara, CA",https://jobs.lever.co/farmwise/6793b9a6-7fba-4d8a-9983-c716b1d45792,Manufacturing > Clean Steel > H2-Based Reduction
Regional Sales Manager,Farmwise,"Salinas, CA (Hybrid)",https://jobs.lever.co/farmwise/193ee4e0-66cd-4290-b49e-a20898da9dc1,Food & Agriculture > Sustainable Crops > Precision Agriculture | Manufacturing > Clean Steel > H2-Based Reduction
Cell Design Intern (Spring/Summer),Solid Power,"486 South Pierce Ave. Louisville, CO 80027",https://job-boards.greenhouse.io/solidpower/jobs/5784553004,Transportation > Vehicle Electrification > Battery Performance | Transportation > Sustainable Fuels > Alternative Fuel Production | Electricity > Energy Storage > Electrochemical | Manufacturing > Clean Cement > Low-Clinker Concrete | Policy & Advocacy > Environmental Policy
"Director, Corporate Counsel ",Solid Power,"Thornton, CO",https://job-boards.greenhouse.io/solidpower/jobs/5764932004,Transportation > Vehicle Electrification > Battery Performance | Electricity > Energy Storage > Electrochemical | Manufacturing > Clean Cement > Low-Clinker Concrete | Climate Data & Software > MRV | Policy & Advocacy > Environmental Policy
Mechanical Maintenance Technician II/Senior,Solid Power,"Thornton, Colorado",https://job-boards.greenhouse.io/solidpower/jobs/5793579004,Transportation > Vehicle Electrification > Battery Performance | Transportation > Sustainable Fuels > Alternative Fuel Production | Electricity > Energy Storage > Electrochemical | Buildings > Operational Efficiency > Heating & Cooling | Manufacturing > Clean Cement > Low-Clinker Concrete | Policy & Advocacy > Environmental Policy
Technology Integration Formulation Engineer I/II,Solid Power,"Louisville, CO",https://job-boards.greenhouse.io/solidpower/jobs/5802369004,Transportation > Vehicle Electrification > Battery Performance | Transportation > Sustainable Fuels > Alternative Fuel Production | Electricity > Energy Storage > Electrochemical | Manufacturing > Clean Cement > Low-Clinker Concrete | Manufacturing > Clean Steel > H2-Based Reduction | Policy & Advocacy > Environmental Policy
General Interest Application,Solid Power,"Thornton/Louisville, CO",https://job-boards.greenhouse.io/solidpower/jobs/5337846004,Transportation > Vehicle Electrification > Battery Performance | Electricity > Energy Storage > Electrochemical | Manufacturing > Clean Cement > Low-Clinker Concrete | Manufacturing > Clean Steel > H2-Based Reduction | Policy & Advocacy > Environmental Policy
Accounts Payable Staff Accountant,Oklo,"Santa Clara, CA or Remote",https://job-boards.greenhouse.io/oklo/jobs/5730227004,Transportation > Sustainable Fuels > Alternative Fuel Production | Electricity > Low-Emissions Generation > Nuclear Fission | Buildings > End-of-Life > Circular Building Systems | Manufacturing > Clean Cement > Low-Clinker Concrete | Manufacturing > Clean Steel > H2-Based Reduction | Manufacturing > Cross-Cutting > Waste & Recycling | Policy & Advocacy > Environmental Policy | Supply Chain > Logistics Optimization
Associate Project Manager,Oklo,"Austin, Texas",https://job-boards.greenhouse.io/oklo/jobs/5722814004,Transportation > Sustainable Fuels > Alternative Fuel Production | Electricity > Low-Emissions Generation > Nuclear Fission | Buildings > End-of-Life > Circular Building Systems | Manufacturing > Clean Steel > H2-Based Reduction | Manufacturing > Cross-Cutting > Waste & Recycling | Climate Data & Software > MRV | Policy & Advocacy > Environmental Policy | Supply Chain > Logistics Optimization
CAD/PLM Administrator - SolidWorks,Oklo,"Santa Clara, CA or Remote",https://job-boards.greenhouse.io/oklo/jobs/5790916004,Electricity > Low-Emissions Generation > Wind | Electricity > Low-Emissions Generation > Nuclear Fission | Buildings > End-of-Life > Circular Building Systems | Manufacturing > Clean Steel > H2-Based Reduction | Manufacturing > Cross-Cutting > Waste & Recycling | Policy & Advocacy > Environmental Policy | Supply Chain > Logistics Optimization
Computational Fluid Dynamics Thermal-Hydraulics Engineer,Oklo,"Santa Clara, CA or Remote",https://job-boards.greenhouse.io/oklo/jobs/5740740004,Transportation > Sustainable Fuels > Alternative Fuel Production | Electricity > Low-Emissions Generation > Nuclear Fission | Buildings > End-of-Life > Circular Building Systems | Manufacturing > Clean Steel > H2-Based Reduction | Manufacturing > Cross-Cutting > Industrial Heat | Manufacturing > Cross-Cutting > Waste & Recycling | Policy & Advocacy > Environmental Policy | Supply Chain > Logistics Optimization
Core Mechanical Design - Senior Mechanical Design Engineer,Oklo,"Santa Clara, CA or Remote",https://job-boards.greenhouse.io/oklo/jobs/5775089004,Transportation > Sustainable Fuels > Alternative Fuel Production | Electricity > Low-Emissions Generation > Wind | Electricity > Low-Emissions Generation > Nuclear Fission | Buildings > End-of-Life > Circular Building Systems | Manufacturing > Clean Steel > H2-Based Reduction | Manufacturing > Fashion & Textiles > Alternative Fibers | Manufacturing > Cross-Cutting > Industrial Heat | Manufacturing > Cross-Cutting > Waste & Recycling | Policy & Advocacy > Environmental Policy | Supply Chain > Logistics Optimization
Environmental Policy & Compliance Analyst,Oklo,"Santa Clara, CA or Remote",https://job-boards.greenhouse.io/oklo/jobs/5777985004,Electricity > Low-Emissions Generation > Nuclear Fission | Buildings > End-of-Life > Circular Building Systems | Manufacturing > Clean Steel > H2-Based Reduction | Manufacturing > Cross-Cutting > Waste & Recycling | Policy & Advocacy > Environmental Policy | Supply Chain > Logistics Optimization
Facilities Design Engineer - Fuel Manufacturing Electrical Focus,Oklo,"Idaho Falls, ID or Remote",https://job-boards.greenhouse.io/oklo/jobs/5762548004,Transportation > Sustainable Fuels > Alternative Fuel Production | Electricity > Low-Emissions Generation > Nuclear Fission | Buildings > End-of-Life > Circular Building Systems | Manufacturing > Clean Steel > H2-Based Reduction | Manufacturing > Fashion & Textiles > Alternative Fibers | Manufacturing > Cross-Cutting > Waste & Recycling | Policy & Advocacy > Environmental Policy | Supply Chain > Logistics Optimization
Hardware Test Technician,Oklo,"Idaho Falls, ID",https://job-boards.greenhouse.io/oklo/jobs/5730933004,Transportation > Sustainable Fuels > Alternative Fuel Production | Transportation > Efficiency & Reduced Demand > Lightweighting | Electricity > Low-Emissions Generation > Nuclear Fission | Food & Agriculture > Sustainable Crops > Precision Agriculture | Buildings > End-of-Life > Circular Building Systems | Manufacturing > Clean Steel > H2-Based Reduction | Manufacturing > Fashion & Textiles > Alternative Fibers | Manufacturing > Cross-Cutting > Industrial Heat | Manufacturing > Cross-Cutting > Waste & Recycling | Policy & Advocacy > Environmental Policy | Supply Chain > Logistics Optimization
Junior Software Engineer,Oklo,"Santa Clara, CA or Remote",https://job-boards.greenhouse.io/oklo/jobs/5739861004,Transportation > Sustainable Fuels > Alternative Fuel Production | Electricity > Low-Emissions Generation > Nuclear Fission | Buildings > End-of-Life > Circular Building Systems | Manufacturing > Clean Steel > H2-Based Reduction | Manufacturing > Cross-Cutting > Waste & Recycling | Policy & Advocacy > Environmental Policy | Supply Chain > Logistics Optimization
Mechanical Designer - Fuel Manufacturing,Oklo,"Santa Clara, CA or Remote",https://job-boards.greenhouse.io/oklo/jobs/5680869004,Transportation > Sustainable Fuels > Alternative Fuel Production | Electricity > Low-Emissions Generation > Wind | Electricity > Low-Emissions Generation > Nuclear Fission | Buildings > End-of-Life > Circular Building Systems | Manufacturing > Clean Cement > Low-Clinker Concrete | Manufacturing > Clean Steel > H2-Based Reduction | Manufacturing > Fashion & Textiles > Alternative Fibers | Manufacturing > Cross-Cutting > Industrial Heat | Manufacturing > Cross-Cutting > Waste & Recycling | Policy & Advocacy > Environmental Policy | Supply Chain > Logistics Optimization
Core Thermal-Hydraulics Methods Engineer,Oklo,"Santa Clara, CA or remote",https://job-boards.greenhouse.io/oklo/jobs/5740744004,Electricity > Low-Emissions Generation > Nuclear Fission | Buildings > End-of-Life > Circular Building Systems | Manufacturing > Clean Steel > H2-Based Reduction | Manufacturing > Cross-Cutting > Industrial Heat | Manufacturing > Cross-Cutting > Waste & Recycling | Climate Data & Software > MRV | Policy & Advocacy > Environmental Policy | Supply Chain > Logistics Optimization
"Director of Business Development, Defense & National Security",Oklo,"Santa Clara, CA or Remote",https://job-boards.greenhouse.io/oklo/jobs/5741264004,Electricity > Low-Emissions Generation > Nuclear Fission | Electricity > Transmission & Distribution > Smart Grid | Buildings > End-of-Life > Circular Building Systems | Manufacturing > Clean Steel > H2-Based Reduction | Manufacturing > Cross-Cutting > Waste & Recycling | Policy & Advocacy > Environmental Policy | Supply Chain > Logistics Optimization
Engineering Technician,Oklo,"Santa Clara, CA or Idaho Falls, ID",https://job-boards.greenhouse.io/oklo/jobs/5705506004,Transportation > Sustainable Fuels > Alternative Fuel Production | Transportation > Efficiency & Reduced Demand > Lightweighting | Electricity > Low-Emissions Generation > Nuclear Fission | Electricity > Low-Emissions Generation > Nuclear Fusion | Food & Agriculture > Sustainable Crops > Precision Agriculture | Buildings > End-of-Life > Circular Building Systems | Manufacturing > Clean Steel > H2-Based Reduction | Manufacturing > Fashion & Textiles > Alternative Fibers | Manufacturing > Cross-Cutting > Industrial Heat | Manufacturing > Cross-Cutting > Waste & Recycling | Policy & Advocacy > Environmental Policy | Supply Chain > Logistics Optimization
Executive Assistant to Chief Financial Officer,Oklo,"Santa Clara, CA or Remote",https://job-boards.greenhouse.io/oklo/jobs/5793619004,Electricity > Low-Emissions Generation > Nuclear Fission | Buildings > End-of-Life > Circular Building Systems | Manufacturing > Clean Steel > H2-Based Reduction | Manufacturing > Cross-Cutting > Waste & Recycling | Policy & Advocacy > Environmental Policy | Supply Chain > Logistics Optimization
External Hazards Regulatory Engineer,Oklo,"Santa Clara, CA or Remote",https://job-boards.greenhouse.io/oklo/jobs/5800665004,Transportation > Sustainable Fuels > Alternative Fuel Production | Electricity > Low-Emissions Generation > Nuclear Fission | Buildings > End-of-Life > Circular Building Systems | Manufacturing > Clean Steel > H2-Based Reduction | Manufacturing > Cross-Cutting > Waste & Recycling | Policy & Advocacy > Environmental Policy | Supply Chain > Logistics Optimization
External Quality Assurance Specialist,Oklo,"Santa Clara, CA or Remote",https://job-boards.greenhouse.io/oklo/jobs/5728192004,Transportation > Sustainable Fuels > Alternative Fuel Production | Electricity > Low-Emissions Generation > Nuclear Fission | Buildings > End-of-Life > Circular Building Systems | Manufacturing > Clean Steel > H2-Based Reduction | Manufacturing > Fashion & Textiles > Alternative Fibers | Manufacturing > Cross-Cutting > Waste & Recycling | Climate Data & Software > MRV | Policy & Advocacy > Environmental Policy | Supply Chain > Logistics Optimization
Fabrication Lead,Oklo,"Idaho Falls, ID",https://job-boards.greenhouse.io/oklo/jobs/5741239004,Transportation > Sustainable Fuels > Alternative Fuel Production | Electricity > Low-Emissions Generation > Nuclear Fission | Buildings > End-of-Life > Circular Building Systems | Manufacturing > Clean Steel > H2-Based Reduction | Manufacturing > Fashion & Textiles > Alternative Fibers | Manufacturing > Cross-Cutting > Waste & Recycling | Policy & Advocacy > Environmental Policy | Supply Chain > Logistics Optimization
Facilities Design Engineer - Fuel Fabrication,Oklo,"Santa Clara, CA or Remote",https://job-boards.greenhouse.io/oklo/jobs/5775668004,Transportation > Sustainable Fuels > Alternative Fuel Production | Electricity > Low-Emissions Generation > Nuclear Fission | Buildings > Operational Efficiency > Heating & Cooling | Buildings > End-of-Life > Circular Building Systems | Manufacturing > Clean Steel > H2-Based Reduction | Manufacturing > Fashion & Textiles > Alternative Fibers | Manufacturing > Cross-Cutting > Waste & Recycling | Climate Data & Software > MRV | Policy & Advocacy > Environmental Policy | Supply Chain > Logistics Optimization
Facility Design Engineer,Oklo,"Santa Clara, CA or Remote",https://job-boards.greenhouse.io/oklo/jobs/5490078004,Transportation > Sustainable Fuels > Alternative Fuel Production | Electricity > Low-Emissions Generation > Nuclear Fission | Electricity > Energy Storage > Electrochemical | Food & Agriculture > Sustainable Crops > Precision Agriculture | Buildings > Operational Efficiency > Heating & Cooling | Buildings > End-of-Life > Circular Building Systems | Manufacturing > Clean Steel > H2-Based Reduction | Manufacturing > Cross-Cutting > Waste & Recycling | Policy & Advocacy > Environmental Policy | Supply Chain > Logistics Optimization
Facility Operations Manager,Oklo,"Austin, Texas area",https://job-boards.greenhouse.io/oklo/jobs/5741775004,Transportation > Sustainable Fuels > Alternative Fuel Production | Electricity > Low-Emissions Generation > Nuclear Fission | Buildings > End-of-Life > Circular Building Systems | Manufacturing > Clean Steel > H2-Based Reduction | Manufacturing > Cross-Cutting > Waste & Recycling | Policy & Advocacy > Environmental Policy | Supply Chain > Logistics Optimization
Federal Services Lead,Oklo,"Washington, DC",https://job-boards.greenhouse.io/oklo/jobs/5741243004,Electricity > Low-Emissions Generation > Nuclear Fission | Buildings > End-of-Life > Circular Building Systems | Manufacturing > Clean Steel > H2-Based Reduction | Manufacturing > Cross-Cutting > Waste & Recycling | Policy & Advocacy > Environmental Policy | Supply Chain > Logistics Optimization
Fire Protection Engineer,Oklo,"Santa Clara, CA or Remote",https://job-boards.greenhouse.io/oklo/jobs/5741564004,Transportation > Sustainable Fuels > Alternative Fuel Production | Electricity > Low-Emissions Generation > Nuclear Fission | Buildings > End-of-Life > Circular Building Systems | Manufacturing > Clean Steel > H2-Based Reduction | Manufacturing > Cross-Cutting > Waste & Recycling | Policy & Advocacy > Environmental Policy | Supply Chain > Logistics Optimization
Fuel Fabrication Manufacturing Engineer,Oklo,"Idaho Falls, ID",https://job-boards.greenhouse.io/oklo/jobs/5732494004,Transportation > Sustainable Fuels > Alternative Fuel Production | Electricity > Low-Emissions Generation > Nuclear Fission | Buildings > End-of-Life > Circular Building Systems | Manufacturing > Clean Steel > H2-Based Reduction | Manufacturing > Fashion & Textiles > Alternative Fibers | Manufacturing > Cross-Cutting > Waste & Recycling | Climate Data & Software > MRV | Policy & Advocacy > Environmental Policy | Supply Chain > Logistics Optimization
Fuel Fabrication Project Engineer,Oklo,"Santa Clara, CA or Remote",https://job-boards.greenhouse.io/oklo/jobs/5775659004,Transportation > Sustainable Fuels > Alternative Fuel Production | Electricity > Low-Emissions Generation > Nuclear Fission | Buildings > End-of-Life > Circular Building Systems | Manufacturing > Clean Steel > H2-Based Reduction | Manufacturing > Fashion & Textiles > Alternative Fibers | Manufacturing > Cross-Cutting > Industrial Heat | Manufacturing > Cross-Cutting > Waste & Recycling | Climate Data & Software > MRV | Policy & Advocacy > Environmental Policy | Supply Chain > Logistics Optimization
Fuel Performance Engineer,Oklo,"Santa Clara, CA or Remote",https://job-boards.greenhouse.io/oklo/jobs/4638962004,Electricity > Low-Emissions Generation > Nuclear Fission | Buildings > End-of-Life > Circular Building Systems | Manufacturing > Clean Steel > H2-Based Reduction | Manufacturing > Fashion & Textiles > Alternative Fibers | Manufacturing > Cross-Cutting > Waste & Recycling | Climate Data & Software > MRV | Policy & Advocacy > Environmental Policy | Supply Chain > Logistics Optimization
Fuels Licensing Manager,Oklo,"Santa Clara, CA or Remote",https://job-boards.greenhouse.io/oklo/jobs/5688527004,Electricity > Low-Emissions Generation > Nuclear Fission | Buildings > End-of-Life > Circular Building Systems | Manufacturing > Clean Steel > H2-Based Reduction | Manufacturing > Fashion & Textiles > Alternative Fibers | Manufacturing > Cross-Cutting > Waste & Recycling | Policy & Advocacy > Environmental Policy | Supply Chain > Logistics Optimization
General Application - Nuclear Fuel Recycling,Oklo,"Santa Clara, CA or Remote",https://job-boards.greenhouse.io/oklo/jobs/5065038004,Transportation > Sustainable Fuels > Alternative Fuel Production | Electricity > Low-Emissions Generation > Nuclear Fission | Buildings > End-of-Life > Circular Building Systems | Manufacturing > Clean Steel > H2-Based Reduction | Manufacturing > Cross-Cutting > Waste & Recycling | Policy & Advocacy > Environmental Policy | Supply Chain > Logistics Optimization
Hot Cell Design Engineer,Oklo,"Santa Clara, CA or Remote",https://job-boards.greenhouse.io/oklo/jobs/5596070004,Transportation > Sustainable Fuels > Alternative Fuel Production | Electricity > Low-Emissions Generation > Nuclear Fission | Buildings > Operational Efficiency > Heating & Cooling | Buildings > End-of-Life > Circular Building Systems | Manufacturing > Clean Steel > H2-Based Reduction | Manufacturing > Cross-Cutting > Waste & Recycling | Policy & Advocacy > Environmental Policy | Supply Chain > Logistics Optimization
Human Factors Engineer,Oklo,"Santa Clara, CA or Remote",https://job-boards.greenhouse.io/oklo/jobs/5741556004,Transportation > Sustainable Fuels > Alternative Fuel Production | Electricity > Low-Emissions Generation > Nuclear Fission | Buildings > End-of-Life > Circular Building Systems | Manufacturing > Clean Steel > H2-Based Reduction | Manufacturing > Cross-Cutting > Waste & Recycling | Climate Data & Software > MRV | Policy & Advocacy > Environmental Policy | Supply Chain > Logistics Optimization
Human Resource Business Partner (HRBP),Oklo,"Santa Clara, CA",https://job-boards.greenhouse.io/oklo/jobs/5769724004,Transportation > Sustainable Fuels > Alternative Fuel Production | Electricity > Low-Emissions Generation > Nuclear Fission | Buildings > End-of-Life > Circular Building Systems | Manufacturing > Clean Steel > H2-Based Reduction | Manufacturing > Cross-Cutting > Waste & Recycling | Policy & Advocacy > Environmental Policy | Supply Chain > Logistics Optimization
Lead Machinist,Oklo,"Idaho Falls, ID",https://job-boards.greenhouse.io/oklo/jobs/5741240004,Transportation > Sustainable Fuels > Alternative Fuel Production | Electricity > Low-Emissions Generation > Nuclear Fission | Buildings > End-of-Life > Circular Building Systems | Manufacturing > Clean Steel > H2-Based Reduction | Manufacturing > Fashion & Textiles > Alternative Fibers | Manufacturing > Cross-Cutting > Waste & Recycling | Policy & Advocacy > Environmental Policy | Supply Chain > Logistics Optimization
Licensing Manager,Oklo,"Santa Clara, CA or Remote",https://job-boards.greenhouse.io/oklo/jobs/5679965004,Electricity > Low-Emissions Generation > Nuclear Fission | Buildings > End-of-Life > Circular Building Systems | Manufacturing > Clean Steel > H2-Based Reduction | Manufacturing > Cross-Cutting > Waste & Recycling | Policy & Advocacy > Environmental Policy | Supply Chain > Logistics Optimization
Mechanical Analyst Engineer,Oklo,"Santa Clara, CA or Remote",https://job-boards.greenhouse.io/oklo/jobs/5587760004,Transportation > Sustainable Fuels > Alternative Fuel Production | Electricity > Low-Emissions Generation > Nuclear Fission | Buildings > End-of-Life > Circular Building Systems | Manufacturing > Clean Steel > H2-Based Reduction | Manufacturing > Cross-Cutting > Waste & Recycling | Climate Data & Software > MRV | Policy & Advocacy > Environmental Policy | Supply Chain > Logistics Optimization
Mechanical Analyst Engineer - Process Automation,Oklo,"Santa Clara, CA or Remote",https://job-boards.greenhouse.io/oklo/jobs/5711598004,Electricity > Low-Emissions Generation > Nuclear Fission | Buildings > End-of-Life > Circular Building Systems | Manufacturing > Clean Steel > H2-Based Reduction | Manufacturing > Cross-Cutting > Waste & Recycling | Climate Data & Software > MRV | Policy & Advocacy > Environmental Policy | Supply Chain > Logistics Optimization
Mechanical Design Engineer - Fuel Manufacturing,Oklo,"Idaho Falls, ID or Remote",https://job-boards.greenhouse.io/oklo/jobs/5680752004,Transportation > Sustainable Fuels > Alternative Fuel Production | Electricity > Low-Emissions Generation > Wind | Electricity > Low-Emissions Generation > Nuclear Fission | Buildings > End-of-Life > Circular Building Systems | Manufacturing > Clean Cement > Low-Clinker Concrete | Manufacturing > Clean Steel > H2-Based Reduction | Manufacturing > Fashion & Textiles > Alternative Fibers | Manufacturing > Cross-Cutting > Industrial Heat | Manufacturing > Cross-Cutting > Waste & Recycling | Policy & Advocacy > Environmental Policy | Supply Chain > Logistics Optimization
Mechatronics Engineer,Oklo,"Santa Clara, CA or Remote",https://job-boards.greenhouse.io/oklo/jobs/5677684004,Electricity > Low-Emissions Generation > Nuclear Fission | Food & Agriculture > Sustainable Crops > Precision Agriculture | Buildings > End-of-Life > Circular Building Systems | Manufacturing > Clean Steel > H2-Based Reduction | Manufacturing > Fashion & Textiles > Alternative Fibers | Manufacturing > Cross-Cutting > Industrial Heat | Manufacturing > Cross-Cutting > Waste & Recycling | Policy & Advocacy > Environmental Policy | Supply Chain > Logistics Optimization
Neutronics Analysis Engineer,Oklo,"Santa Clara, CA or remote",https://job-boards.greenhouse.io/oklo/jobs/5637818004,Transportation > Sustainable Fuels > Alternative Fuel Production | Electricity > Low-Emissions Generation > Nuclear Fission | Buildings > End-of-Life > Circular Building Systems | Manufacturing > Clean Steel > H2-Based Reduction | Manufacturing > Cross-Cutting > Waste & Recycling | Climate Data & Software > MRV | Policy & Advocacy > Environmental Policy | Supply Chain > Logistics Optimization
Nuclear Criticality Safety Engineer,Oklo,"Santa Clara, CA or Remote",https://job-boards.greenhouse.io/oklo/jobs/5466513004,Transportation > Sustainable Fuels > Alternative Fuel Production | Electricity > Low-Emissions Generation > Nuclear Fission | Buildings > End-of-Life > Circular Building Systems | Manufacturing > Clean Steel > H2-Based Reduction | Manufacturing > Cross-Cutting > Waste & Recycling | Policy & Advocacy > Environmental Policy | Supply Chain > Logistics Optimization
Open Call for 3D Visual Artist Freelancers and Studios (Contract),Oklo,"Santa Clara, CA or Remote",https://job-boards.greenhouse.io/oklo/jobs/5787456004,Electricity > Low-Emissions Generation > Nuclear Fission | Buildings > End-of-Life > Circular Building Systems | Manufacturing > Clean Steel > H2-Based Reduction | Manufacturing > Cross-Cutting > Waste & Recycling | Policy & Advocacy > Environmental Policy | Supply Chain > Logistics Optimization
Radioactive Waste Handling Engineer,Oklo,"Santa Clara, CA or Remote",https://job-boards.greenhouse.io/oklo/jobs/5681333004,Transportation > Sustainable Fuels > Alternative Fuel Production | Electricity > Low-Emissions Generation > Nuclear Fission | Buildings > End-of-Life > Circular Building Systems | Manufacturing > Clean Steel > H2-Based Reduction | Manufacturing > Cross-Cutting > Industrial Heat | Manufacturing > Cross-Cutting > Waste & Recycling | Policy & Advocacy > Environmental Policy | Supply Chain > Logistics Optimization
Reactor Operator,Oklo,"Austin, Texas area",https://job-boards.greenhouse.io/oklo/jobs/5741763004,Transportation > Sustainable Fuels > Alternative Fuel Production | Electricity > Low-Emissions Generation > Nuclear Fission | Buildings > End-of-Life > Circular Building Systems | Manufacturing > Clean Steel > H2-Based Reduction | Manufacturing > Cross-Cutting > Waste & Recycling | Climate Data & Software > MRV | Policy & Advocacy > Environmental Policy | Supply Chain > Logistics Optimization
Regulatory Engineer,Oklo,"Santa Clara, CA or Remote",https://job-boards.greenhouse.io/oklo/jobs/5013750004,Electricity > Low-Emissions Generation > Nuclear Fission | Buildings > End-of-Life > Circular Building Systems | Manufacturing > Clean Steel > H2-Based Reduction | Manufacturing > Fashion & Textiles > Alternative Fibers | Manufacturing > Cross-Cutting > Waste & Recycling | Policy & Advocacy > Environmental Policy | Supply Chain > Logistics Optimization
Risk Analysis Engineer,Oklo,"Santa Clara, CA or Remote",https://job-boards.greenhouse.io/oklo/jobs/5589041004,Transportation > Sustainable Fuels > Alternative Fuel Production | Electricity > Low-Emissions Generation > Nuclear Fission | Buildings > End-of-Life > Circular Building Systems | Manufacturing > Clean Steel > H2-Based Reduction | Manufacturing > Cross-Cutting > Waste & Recycling | Policy & Advocacy > Environmental Policy | Supply Chain > Logistics Optimization
Safety Analysis Engineer,Oklo,"Santa Clara, CA or Remote",https://job-boards.greenhouse.io/oklo/jobs/5637090004,Transportation > Sustainable Fuels > Alternative Fuel Production | Electricity > Low-Emissions Generation > Nuclear Fission | Buildings > End-of-Life > Circular Building Systems | Manufacturing > Clean Steel > H2-Based Reduction | Manufacturing > Cross-Cutting > Industrial Heat | Manufacturing > Cross-Cutting > Waste & Recycling | Policy & Advocacy > Environmental Policy | Supply Chain > Logistics Optimization
Security Engineer,Oklo,Santa Clara or Remote,https://job-boards.greenhouse.io/oklo/jobs/5218928004,Transportation > Sustainable Fuels > Alternative Fuel Production | Electricity > Low-Emissions Generation > Nuclear Fission | Buildings > End-of-Life > Circular Building Systems | Manufacturing > Clean Cement > Low-Clinker Concrete | Manufacturing > Clean Steel > H2-Based Reduction | Manufacturing > Cross-Cutting > Waste & Recycling | Policy & Advocacy > Environmental Policy | Supply Chain > Logistics Optimization
Senior Counsel,Oklo,Remote,https://job-boards.greenhouse.io/oklo/jobs/5776025004,Electricity > Low-Emissions Generation > Nuclear Fission | Buildings > End-of-Life > Circular Building Systems | Manufacturing > Clean Steel > H2-Based Reduction | Manufacturing > Cross-Cutting > Waste & Recycling | Policy & Advocacy > Environmental Policy | Supply Chain > Logistics Optimization
Senior Mechanical Design Engineer - Reactor Module,Oklo,"Santa Clara, CA or Remote",https://job-boards.greenhouse.io/oklo/jobs/5743023004,Transportation > Sustainable Fuels > Alternative Fuel Production | Electricity > Low-Emissions Generation > Solar | Electricity > Low-Emissions Generation > Wind | Electricity > Low-Emissions Generation > Nuclear Fission | Buildings > End-of-Life > Circular Building Systems | Manufacturing > Clean Cement > Low-Clinker Concrete | Manufacturing > Clean Steel > H2-Based Reduction | Manufacturing > Fashion & Textiles > Alternative Fibers | Manufacturing > Cross-Cutting > Industrial Heat | Manufacturing > Cross-Cutting > Waste & Recycling | Policy & Advocacy > Environmental Policy | Supply Chain > Logistics Optimization
Senior Process Controls Engineer,Oklo,"Santa Clara, CA or Remote",https://job-boards.greenhouse.io/oklo/jobs/5477979004,Transportation > Sustainable Fuels > Alternative Fuel Production | Electricity > Low-Emissions Generation > Nuclear Fission | Buildings > End-of-Life > Circular Building Systems | Manufacturing > Clean Steel > H2-Based Reduction | Manufacturing > Cross-Cutting > Industrial Heat | Manufacturing > Cross-Cutting > Waste & Recycling | Climate Data & Software > MRV | Policy & Advocacy > Environmental Policy | Supply Chain > Logistics Optimization
Senior Software Engineer,Oklo,"Santa Clara, CA or Remote",https://job-boards.greenhouse.io/oklo/jobs/5739483004,Transportation > Sustainable Fuels > Alternative Fuel Production | Electricity > Low-Emissions Generation > Nuclear Fission | Buildings > End-of-Life > Circular Building Systems | Manufacturing > Clean Steel > H2-Based Reduction | Manufacturing > Cross-Cutting > Waste & Recycling | Policy & Advocacy > Environmental Policy | Supply Chain > Logistics Optimization
Site Project Manager,Oklo,"Oak Ridge, TN",https://job-boards.greenhouse.io/oklo/jobs/5739128004,Transportation > Sustainable Fuels > Alternative Fuel Production | Electricity > Low-Emissions Generation > Nuclear Fission | Buildings > End-of-Life > Circular Building Systems | Manufacturing > Clean Steel > H2-Based Reduction | Manufacturing > Cross-Cutting > Waste & Recycling | Policy & Advocacy > Environmental Policy | Supply Chain > Logistics Optimization
Software Engineer,Oklo,"Santa Clara, CA or Remote",https://job-boards.greenhouse.io/oklo/jobs/4018702004,Transportation > Sustainable Fuels > Alternative Fuel Production | Electricity > Low-Emissions Generation > Nuclear Fission | Buildings > End-of-Life > Circular Building Systems | Manufacturing > Clean Steel > H2-Based Reduction | Manufacturing > Cross-Cutting > Waste & Recycling | Policy & Advocacy > Environmental Policy | Supply Chain > Logistics Optimization
Software Engineer (Infrastructure) ,Oklo,"Santa Clara, CA",https://job-boards.greenhouse.io/oklo/jobs/5784826004,Transportation > Sustainable Fuels > Alternative Fuel Production | Electricity > Low-Emissions Generation > Nuclear Fission | Buildings > End-of-Life > Circular Building Systems | Manufacturing > Clean Steel > H2-Based Reduction | Manufacturing > Cross-Cutting > Waste & Recycling | Policy & Advocacy > Environmental Policy | Supply Chain > Logistics Optimization
Software Quality Assurance Lead,Oklo,"Any location, Santa Clara, California, United States",https://job-boards.greenhouse.io/oklo/jobs/5480416004,Electricity > Low-Emissions Generation > Nuclear Fission | Buildings > End-of-Life > Circular Building Systems | Manufacturing > Clean Steel > H2-Based Reduction | Manufacturing > Cross-Cutting > Waste & Recycling | Policy & Advocacy > Environmental Policy | Supply Chain > Logistics Optimization
"Sr. Manager, Hardware Test Engineering",Oklo,"Idaho Falls, ID Preferred; remote possible",https://job-boards.greenhouse.io/oklo/jobs/5641268004,Transportation > Sustainable Fuels > Alternative Fuel Production | Electricity > Low-Emissions Generation > Nuclear Fission | Buildings > End-of-Life > Circular Building Systems | Manufacturing > Clean Steel > H2-Based Reduction | Manufacturing > Cross-Cutting > Industrial Heat | Manufacturing > Cross-Cutting > Waste & Recycling | Climate Data & Software > MRV | Policy & Advocacy > Environmental Policy | Supply Chain > Logistics Optimization
State and Local Government Affairs Manager ,Oklo,"Remote, local to East Tennessee or Southern Ohio",https://job-boards.greenhouse.io/oklo/jobs/5728622004,Electricity > Low-Emissions Generation > Nuclear Fission | Buildings > End-of-Life > Circular Building Systems | Manufacturing > Clean Steel > H2-Based Reduction | Manufacturing > Cross-Cutting > Waste & Recycling | Climate Data & Software > MRV | Policy & Advocacy > Environmental Policy | Supply Chain > Logistics Optimization
State and Local Permitting Specialist,Oklo,"Santa Clara, CA or Remote",https://job-boards.greenhouse.io/oklo/jobs/5775085004,Electricity > Low-Emissions Generation > Nuclear Fission | Buildings > End-of-Life > Circular Building Systems | Manufacturing > Clean Steel > H2-Based Reduction | Manufacturing > Cross-Cutting > Waste & Recycling | Climate Data & Software > MRV | Policy & Advocacy > Environmental Policy | Supply Chain > Logistics Optimization
"Systems Engineer, Requirements and Integration",Oklo,"Santa Clara, CA or Remote",https://job-boards.greenhouse.io/oklo/jobs/5649054004,Transportation > Sustainable Fuels > Alternative Fuel Production | Electricity > Low-Emissions Generation > Nuclear Fission | Buildings > End-of-Life > Circular Building Systems | Manufacturing > Clean Steel > H2-Based Reduction | Manufacturing > Cross-Cutting > Waste & Recycling | Climate Data & Software > MRV | Policy & Advocacy > Environmental Policy | Supply Chain > Logistics Optimization
Systems Thermal-Hydraulics Methods Engineer,Oklo,"Santa Clara, CA or remote",https://job-boards.greenhouse.io/oklo/jobs/5740747004,Electricity > Low-Emissions Generation > Nuclear Fission | Buildings > End-of-Life > Circular Building Systems | Manufacturing > Clean Steel > H2-Based Reduction | Manufacturing > Cross-Cutting > Industrial Heat | Manufacturing > Cross-Cutting > Waste & Recycling | Climate Data & Software > MRV | Policy & Advocacy > Environmental Policy | Supply Chain > Logistics Optimization
Technical Sourcing Lead ,Oklo,"Santa Clara, CA or Idaho Falls, ID or Remote",https://job-boards.greenhouse.io/oklo/jobs/5705512004,Electricity > Low-Emissions Generation > Nuclear Fission | Buildings > End-of-Life > Circular Building Systems | Manufacturing > Clean Steel > H2-Based Reduction | Manufacturing > Fashion & Textiles > Alternative Fibers | Manufacturing > Cross-Cutting > Waste & Recycling | Policy & Advocacy > Environmental Policy | Supply Chain > Logistics Optimization
Thermal Hydraulic Test Engineer,Oklo,"Idaho Falls, ID",https://job-boards.greenhouse.io/oklo/jobs/5710536004,Transportation > Sustainable Fuels > Alternative Fuel Production | Electricity > Low-Emissions Generation > Nuclear Fission | Buildings > End-of-Life > Circular Building Systems | Manufacturing > Clean Steel > H2-Based Reduction | Manufacturing > Cross-Cutting > Industrial Heat | Manufacturing > Cross-Cutting > Waste & Recycling | Climate Data & Software > MRV | Policy & Advocacy > Environmental Policy | Supply Chain > Logistics Optimization
DVM Student Externship/Preceptorship Program - Palmetto Animal Hospital,Palmetto,"Florence, SC",https://boards.greenhouse.io/palmetto/jobs/5040391002?gh_jid=5040391002,
Veterinarian,Palmetto,"Florence, SC",https://boards.greenhouse.io/palmetto/jobs/8191452002?gh_jid=8191452002,Electricity > Energy Storage > Demand Response
General Submissions,Kettle,Remote,https://job-boards.greenhouse.io/kettle/jobs/7637905002,Manufacturing > Clean Steel > H2-Based Reduction
Accounting Summer Intern,Kairos Power,"Alameda, CA ",https://job-boards.greenhouse.io/kairospower/jobs/5719713004,Transportation > Sustainable Fuels > Alternative Fuel Production | Electricity > Low-Emissions Generation > Nuclear Fission | Food & Agriculture > Sustainable Crops > Seed Editing & Breeding | Manufacturing > Cross-Cutting > Industrial Heat | Climate Data & Software > MRV | Policy & Advocacy > Environmental Policy
ASME Quality Control Program Manager,Kairos Power,"Albuquerque, NM ",https://job-boards.greenhouse.io/kairospower/jobs/5250036004,Transportation > Sustainable Fuels > Alternative Fuel Production | Electricity > Low-Emissions Generation > Wind | Electricity > Low-Emissions Generation > Nuclear Fission | Manufacturing > Clean Steel > H2-Based Reduction | Manufacturing > Fashion & Textiles > Alternative Fibers | Manufacturing > Cross-Cutting > Industrial Heat | Climate Data & Software > MRV | Policy & Advocacy > Environmental Policy
"BIM Senior Engineer I, Civil Structures (Revit Focused)",Kairos Power,"Alameda, CA or Remote in US",https://job-boards.greenhouse.io/kairospower/jobs/5568825004,Transportation > Sustainable Fuels > Alternative Fuel Production | Electricity > Low-Emissions Generation > Nuclear Fission | Food & Agriculture > Sustainable Crops > Seed Editing & Breeding | Manufacturing > Clean Cement > Low-Clinker Concrete | Manufacturing > Clean Steel > H2-Based Reduction | Manufacturing > Cross-Cutting > Industrial Heat | Climate Data & Software > MRV | Supply Chain > Logistics Optimization
Buyer I,Kairos Power,"Alameda, CA",https://job-boards.greenhouse.io/kairospower/jobs/5688296004,Transportation > Sustainable Fuels > Alternative Fuel Production | Electricity > Low-Emissions Generation > Nuclear Fission | Food & Agriculture > Sustainable Crops > Seed Editing & Breeding | Manufacturing > Cross-Cutting > Industrial Heat | Climate Data & Software > MRV | Policy & Advocacy > Environmental Policy | Supply Chain > Logistics Optimization
Electrical Engineering Internship - Summer 2026,Kairos Power,"Alameda, CA or Albuquerque, NM ",https://job-boards.greenhouse.io/kairospower/jobs/5632633004,Transportation > Sustainable Fuels > Alternative Fuel Production | Electricity > Low-Emissions Generation > Nuclear Fission | Food & Agriculture > Sustainable Crops > Seed Editing & Breeding | Manufacturing > Cross-Cutting > Industrial Heat | Climate Data & Software > MRV
Facilities Electrical Technician,Kairos Power,"Albuquerque, NM",https://job-boards.greenhouse.io/kairospower/jobs/5569287004,Transportation > Sustainable Fuels > Alternative Fuel Production | Electricity > Low-Emissions Generation > Wind | Electricity > Low-Emissions Generation > Nuclear Fission | Buildings > Operational Efficiency > Heating & Cooling | Buildings > Operational Efficiency > Smart Buildings | Manufacturing > Clean Cement > Low-Clinker Concrete | Manufacturing > Cross-Cutting > Industrial Heat | Climate Data & Software > MRV | Policy & Advocacy > Environmental Policy
Marketing & Communications Intern,Kairos Power,"Albuquerque, NM ",https://job-boards.greenhouse.io/kairospower/jobs/5719856004,Transportation > Sustainable Fuels > Alternative Fuel Production | Electricity > Low-Emissions Generation > Wind | Electricity > Low-Emissions Generation > Nuclear Fission | Food & Agriculture > Sustainable Crops > Seed Editing & Breeding | Manufacturing > Cross-Cutting > Industrial Heat | Climate Data & Software > MRV
Materials Computational Scientist Intern - Summer 2026,Kairos Power,"Alameda, CA ",https://job-boards.greenhouse.io/kairospower/jobs/5763259004,Transportation > Sustainable Fuels > Alternative Fuel Production | Electricity > Low-Emissions Generation > Nuclear Fission | Food & Agriculture > Sustainable Crops > Seed Editing & Breeding | Manufacturing > Cross-Cutting > Industrial Heat | Climate Data & Software > MRV | Policy & Advocacy > Environmental Policy
Mechanical and Manufacturing Engineering Internship - Summer 2026,Kairos Power,"Alameda, CA or Albuquerque, NM ",https://job-boards.greenhouse.io/kairospower/jobs/5632637004,Transportation > Sustainable Fuels > Alternative Fuel Production | Electricity > Low-Emissions Generation > Nuclear Fission | Food & Agriculture > Sustainable Crops > Seed Editing & Breeding | Manufacturing > Fashion & Textiles > Alternative Fibers | Manufacturing > Cross-Cutting > Industrial Heat | Climate Data & Software > MRV | Policy & Advocacy > Environmental Policy
"Chief of Staff to Vice President, Business Development & Finance",Kairos Power,"Alameda, CA",https://job-boards.greenhouse.io/kairospower/jobs/5702780004,Transportation > Sustainable Fuels > Alternative Fuel Production | Electricity > Low-Emissions Generation > Nuclear Fission | Food & Agriculture > Sustainable Crops > Seed Editing & Breeding | Manufacturing > Clean Steel > H2-Based Reduction | Manufacturing > Cross-Cutting > Industrial Heat | Manufacturing > Cross-Cutting > Mining | Climate Data & Software > MRV
Computational Fluid Dynamics (CFD) Engineering Intern - Summer 2026,Kairos Power,"Alameda, CA",https://job-boards.greenhouse.io/kairospower/jobs/5763780004,Transportation > Sustainable Fuels > Alternative Fuel Production | Electricity > Low-Emissions Generation > Nuclear Fission | Food & Agriculture > Sustainable Crops > Seed Editing & Breeding | Manufacturing > Cross-Cutting > Industrial Heat | Climate Data & Software > MRV
Construction Projects Summer Intern,Kairos Power,"Albuquerque, NM or Oak Ridge, TN",https://job-boards.greenhouse.io/kairospower/jobs/5722108004,Transportation > Sustainable Fuels > Alternative Fuel Production | Electricity > Low-Emissions Generation > Wind | Electricity > Low-Emissions Generation > Nuclear Fission | Food & Agriculture > Sustainable Crops > Seed Editing & Breeding | Manufacturing > Cross-Cutting > Industrial Heat | Climate Data & Software > MRV | Policy & Advocacy > Environmental Policy
"Director, Product Cost",Kairos Power,"Alameda, CA or Albuquerque, NM ",https://job-boards.greenhouse.io/kairospower/jobs/5681086004,Transportation > Sustainable Fuels > Alternative Fuel Production | Electricity > Low-Emissions Generation > Nuclear Fission | Manufacturing > Clean Steel > H2-Based Reduction | Manufacturing > Cross-Cutting > Industrial Heat | Climate Data & Software > MRV | Supply Chain > Logistics Optimization
Early Career Professionals - Graduating 2025/2026,Kairos Power,"Alameda, CA, Albuquerque, NM, or Oak Ridge, TN ",https://job-boards.greenhouse.io/kairospower/jobs/5644550004,Transportation > Sustainable Fuels > Alternative Fuel Production | Electricity > Low-Emissions Generation > Nuclear Fission | Food & Agriculture > Sustainable Crops > Seed Editing & Breeding | Manufacturing > Clean Cement > Low-Clinker Concrete | Manufacturing > Cross-Cutting > Industrial Heat
Experienced Professionals,Kairos Power,"Alameda, CA, Albuquerque, NM, or Oak Ridge, Tennessee",https://job-boards.greenhouse.io/kairospower/jobs/4101384004,Transportation > Sustainable Fuels > Alternative Fuel Production | Electricity > Low-Emissions Generation > Nuclear Fission | Food & Agriculture > Sustainable Crops > Seed Editing & Breeding | Manufacturing > Clean Cement > Low-Clinker Concrete | Manufacturing > Cross-Cutting > Industrial Heat
Fabricator - Pipe Spools,Kairos Power,"Albuquerque, NM",https://job-boards.greenhouse.io/kairospower/jobs/5650279004,Transportation > Sustainable Fuels > Alternative Fuel Production | Electricity > Low-Emissions Generation > Wind | Electricity > Low-Emissions Generation > Nuclear Fission | Food & Agriculture > Sustainable Crops > Seed Editing & Breeding | Manufacturing > Fashion & Textiles > Alternative Fibers | Manufacturing > Cross-Cutting > Industrial Heat | Climate Data & Software > MRV
Facilities Mechanical Technician,Kairos Power,"Albuquerque, NM",https://job-boards.greenhouse.io/kairospower/jobs/5565340004,Transportation > Sustainable Fuels > Alternative Fuel Production | Electricity > Low-Emissions Generation > Wind | Electricity > Low-Emissions Generation > Nuclear Fission | Electricity > Energy Storage > Mechanical | Buildings > Operational Efficiency > Heating & Cooling | Buildings > Operational Efficiency > Smart Buildings | Manufacturing > Clean Cement > Low-Clinker Concrete | Manufacturing > Cross-Cutting > Industrial Heat | Climate Data & Software > MRV | Policy & Advocacy > Environmental Policy
Finance Intern - Summer 2026,Kairos Power,Remote,https://job-boards.greenhouse.io/kairospower/jobs/5718787004,Transportation > Sustainable Fuels > Alternative Fuel Production | Electricity > Low-Emissions Generation > Nuclear Fission | Food & Agriculture > Sustainable Crops > Seed Editing & Breeding | Manufacturing > Clean Steel > H2-Based Reduction | Manufacturing > Cross-Cutting > Industrial Heat | Climate Data & Software > MRV | Supply Chain > Logistics Optimization
Fuels Process Engineer,Kairos Power,"Albuquerque, NM",https://job-boards.greenhouse.io/kairospower/jobs/5616605004,Transportation > Sustainable Fuels > Alternative Fuel Production | Electricity > Low-Emissions Generation > Nuclear Fission | Food & Agriculture > Sustainable Crops > Seed Editing & Breeding | Manufacturing > Fashion & Textiles > Alternative Fibers | Manufacturing > Cross-Cutting > Industrial Heat | Climate Data & Software > MRV | Supply Chain > Logistics Optimization
Fuels Program Mechanical Technologist,Kairos Power,"Albuquerque, NM",https://job-boards.greenhouse.io/kairospower/jobs/5600847004,Transportation > Sustainable Fuels > Alternative Fuel Production | Electricity > Low-Emissions Generation > Nuclear Fission | Food & Agriculture > Sustainable Crops > Seed Editing & Breeding | Manufacturing > Clean Steel > H2-Based Reduction | Manufacturing > Fashion & Textiles > Alternative Fibers | Manufacturing > Cross-Cutting > Industrial Heat | Climate Data & Software > MRV | Climate Data & Software > Remote Sensing
Government Affairs Internship ,Kairos Power,"Alameda, CA or Albuquerque, NM ",https://job-boards.greenhouse.io/kairospower/jobs/5728492004,Transportation > Sustainable Fuels > Alternative Fuel Production | Electricity > Low-Emissions Generation > Wind | Electricity > Low-Emissions Generation > Nuclear Fission | Food & Agriculture > Sustainable Crops > Seed Editing & Breeding | Manufacturing > Cross-Cutting > Industrial Heat | Climate Data & Software > MRV | Policy & Advocacy > Environmental Policy
Learning and Development Intern,Kairos Power,"Alameda, CA",https://job-boards.greenhouse.io/kairospower/jobs/5783290004,Transportation > Sustainable Fuels > Alternative Fuel Production | Electricity > Low-Emissions Generation > Nuclear Fission | Food & Agriculture > Sustainable Crops > Seed Editing & Breeding | Manufacturing > Clean Steel > H2-Based Reduction | Manufacturing > Cross-Cutting > Industrial Heat
Machinist III,Kairos Power,"Richmond, CA",https://job-boards.greenhouse.io/kairospower/jobs/5597984004,Transportation > Sustainable Fuels > Alternative Fuel Production | Electricity > Low-Emissions Generation > Nuclear Fission | Food & Agriculture > Sustainable Crops > Seed Editing & Breeding | Manufacturing > Cross-Cutting > Industrial Heat | Climate Data & Software > MRV | Policy & Advocacy > Environmental Policy
"Manager, Commercial Program Management",Kairos Power,"Alameda, CA or Remote",https://job-boards.greenhouse.io/kairospower/jobs/5702751004,Transportation > Sustainable Fuels > Alternative Fuel Production | Electricity > Low-Emissions Generation > Nuclear Fission | Food & Agriculture > Sustainable Crops > Seed Editing & Breeding | Manufacturing > Clean Steel > H2-Based Reduction | Manufacturing > Cross-Cutting > Industrial Heat | Climate Data & Software > MRV | Supply Chain > Logistics Optimization
Manufacturing Integration Engineer,Kairos Power,"Albuquerque, NM",https://job-boards.greenhouse.io/kairospower/jobs/5624181004,Transportation > Sustainable Fuels > Alternative Fuel Production | Electricity > Low-Emissions Generation > Wind | Electricity > Low-Emissions Generation > Nuclear Fission | Food & Agriculture > Sustainable Crops > Seed Editing & Breeding | Manufacturing > Clean Cement > Low-Clinker Concrete | Manufacturing > Clean Steel > H2-Based Reduction | Manufacturing > Fashion & Textiles > Alternative Fibers | Manufacturing > Cross-Cutting > Industrial Heat | Climate Data & Software > MRV | Policy & Advocacy > Environmental Policy | Supply Chain > Logistics Optimization
Material Control Specialist,Kairos Power,"Albuquerque, NM",https://job-boards.greenhouse.io/kairospower/jobs/5586338004,Transportation > Sustainable Fuels > Alternative Fuel Production | Electricity > Low-Emissions Generation > Nuclear Fission | Food & Agriculture > Sustainable Crops > Seed Editing & Breeding | Manufacturing > Cross-Cutting > Industrial Heat | Climate Data & Software > MRV | Policy & Advocacy > Environmental Policy | Supply Chain > Logistics Optimization
Mechanical Design and Qualification Engineer,Kairos Power,"Albuquerque, NM",https://job-boards.greenhouse.io/kairospower/jobs/5556422004,Transportation > Sustainable Fuels > Alternative Fuel Production | Electricity > Low-Emissions Generation > Solar | Electricity > Low-Emissions Generation > Wind | Electricity > Low-Emissions Generation > Nuclear Fission | Food & Agriculture > Sustainable Crops > Seed Editing & Breeding | Manufacturing > Fashion & Textiles > Alternative Fibers | Manufacturing > Cross-Cutting > Industrial Heat | Climate Data & Software > MRV | Policy & Advocacy > Environmental Policy
"Mechanical Engineer, Fuels Program",Kairos Power,"Albuquerque, NM",https://job-boards.greenhouse.io/kairospower/jobs/5667161004,Transportation > Sustainable Fuels > Alternative Fuel Production | Electricity > Low-Emissions Generation > Nuclear Fission | Food & Agriculture > Sustainable Crops > Seed Editing & Breeding | Manufacturing > Fashion & Textiles > Alternative Fibers | Manufacturing > Cross-Cutting > Industrial Heat | Climate Data & Software > MRV | Policy & Advocacy > Environmental Policy
Mechanical Test Engineer,Kairos Power,"Alameda, CA",https://job-boards.greenhouse.io/kairospower/jobs/5653604004,Transportation > Sustainable Fuels > Alternative Fuel Production | Electricity > Low-Emissions Generation > Nuclear Fission | Food & Agriculture > Sustainable Crops > Seed Editing & Breeding | Manufacturing > Clean Cement > Low-Clinker Concrete | Manufacturing > Fashion & Textiles > Alternative Fibers | Manufacturing > Cross-Cutting > Industrial Heat | Climate Data & Software > MRV
Network Engineer - IT Infrastructure ,Kairos Power,"Albuquerque, NM ",https://job-boards.greenhouse.io/kairospower/jobs/5341440004,Transportation > Sustainable Fuels > Alternative Fuel Production | Electricity > Low-Emissions Generation > Wind | Electricity > Low-Emissions Generation > Nuclear Fission | Food & Agriculture > Sustainable Crops > Seed Editing & Breeding | Manufacturing > Cross-Cutting > Industrial Heat | Climate Data & Software > MRV
Non-Destructive Evaluation (NDE) Engineer,Kairos Power,"Alameda, CA or Albuquerque, NM ",https://job-boards.greenhouse.io/kairospower/jobs/5464801004,Transportation > Sustainable Fuels > Alternative Fuel Production | Electricity > Low-Emissions Generation > Nuclear Fission | Food & Agriculture > Sustainable Crops > Seed Editing & Breeding | Manufacturing > Clean Steel > H2-Based Reduction | Manufacturing > Cross-Cutting > Industrial Heat | Climate Data & Software > MRV | Policy & Advocacy > Environmental Policy
Nuclear Safety Analysis Engineering Intern - Summer 2026,Kairos Power,"Albuquerque, NM ",https://job-boards.greenhouse.io/kairospower/jobs/5764688004,Transportation > Sustainable Fuels > Alternative Fuel Production | Electricity > Low-Emissions Generation > Nuclear Fission | Food & Agriculture > Sustainable Crops > Seed Editing & Breeding | Manufacturing > Cross-Cutting > Industrial Heat | Climate Data & Software > MRV | Policy & Advocacy > Environmental Policy
"Operator in Oak Ridge, TN (Albuquerque, NM to start)",Kairos Power,"Albuquerque, NM and Oak Ridge, TN ",https://job-boards.greenhouse.io/kairospower/jobs/5148694004,Transportation > Sustainable Fuels > Alternative Fuel Production | Electricity > Low-Emissions Generation > Wind | Electricity > Low-Emissions Generation > Nuclear Fission | Food & Agriculture > Sustainable Crops > Seed Editing & Breeding | Manufacturing > Clean Cement > Low-Clinker Concrete | Manufacturing > Cross-Cutting > Industrial Heat | Climate Data & Software > MRV
Operators ,Kairos Power,"Albuquerque, NM ",https://job-boards.greenhouse.io/kairospower/jobs/5158596004,Transportation > Sustainable Fuels > Alternative Fuel Production | Electricity > Low-Emissions Generation > Wind | Electricity > Low-Emissions Generation > Nuclear Fission | Food & Agriculture > Sustainable Crops > Seed Editing & Breeding | Manufacturing > Cross-Cutting > Industrial Heat | Climate Data & Software > MRV | Policy & Advocacy > Environmental Policy
"Plant Manager, Engineering Operations",Kairos Power,"Albuquerque, NM",https://job-boards.greenhouse.io/kairospower/jobs/5540310004,Transportation > Sustainable Fuels > Alternative Fuel Production | Electricity > Low-Emissions Generation > Wind | Electricity > Low-Emissions Generation > Nuclear Fission | Food & Agriculture > Sustainable Crops > Seed Editing & Breeding | Manufacturing > Cross-Cutting > Industrial Heat | Climate Data & Software > MRV | Policy & Advocacy > Environmental Policy | Supply Chain > Logistics Optimization
"Process Engineer, Molten Salt Inventory Management System ",Kairos Power,"Albuquerque, NM or Alameda, CA",https://job-boards.greenhouse.io/kairospower/jobs/5677856004,Transportation > Sustainable Fuels > Alternative Fuel Production | Electricity > Low-Emissions Generation > Nuclear Fission | Electricity > Energy Storage > Thermal | Food & Agriculture > Sustainable Crops > Seed Editing & Breeding | Manufacturing > Cross-Cutting > Industrial Heat | Climate Data & Software > MRV | Policy & Advocacy > Environmental Policy
Quality Innovation Intern,Kairos Power,"Albuquerque, NM ",https://job-boards.greenhouse.io/kairospower/jobs/5712521004,Transportation > Sustainable Fuels > Alternative Fuel Production | Electricity > Low-Emissions Generation > Nuclear Fission | Food & Agriculture > Sustainable Crops > Seed Editing & Breeding | Manufacturing > Fashion & Textiles > Alternative Fibers | Manufacturing > Cross-Cutting > Industrial Heat | Climate Data & Software > MRV
Regulatory Compliance Engineer - Licensing,Kairos Power,"Oak Ridge, TN ",https://job-boards.greenhouse.io/kairospower/jobs/5632455004,Transportation > Sustainable Fuels > Alternative Fuel Production | Electricity > Low-Emissions Generation > Wind | Electricity > Low-Emissions Generation > Nuclear Fission | Food & Agriculture > Sustainable Crops > Seed Editing & Breeding | Manufacturing > Clean Steel > H2-Based Reduction | Manufacturing > Cross-Cutting > Industrial Heat | Climate Data & Software > MRV | Policy & Advocacy > Environmental Policy
Reliability Engineering Intern,Kairos Power,"Albuquerque, NM ",https://job-boards.greenhouse.io/kairospower/jobs/5695279004,Transportation > Sustainable Fuels > Alternative Fuel Production | Electricity > Low-Emissions Generation > Nuclear Fission | Food & Agriculture > Sustainable Crops > Seed Editing & Breeding | Manufacturing > Fashion & Textiles > Alternative Fibers | Manufacturing > Cross-Cutting > Industrial Heat | Climate Data & Software > MRV
Senior Civil Structural Engineer,Kairos Power,"Alameda, CA",https://job-boards.greenhouse.io/kairospower/jobs/5599622004,Transportation > Sustainable Fuels > Alternative Fuel Production | Electricity > Low-Emissions Generation > Nuclear Fission | Food & Agriculture > Sustainable Crops > Seed Editing & Breeding | Manufacturing > Cross-Cutting > Industrial Heat | Climate Data & Software > MRV | Policy & Advocacy > Environmental Policy
Senior Control Room Operator,Kairos Power,"Albuquerque, NM",https://job-boards.greenhouse.io/kairospower/jobs/5775766004,Transportation > Sustainable Fuels > Alternative Fuel Production | Electricity > Low-Emissions Generation > Nuclear Fission | Manufacturing > Clean Steel > H2-Based Reduction | Manufacturing > Cross-Cutting > Industrial Heat | Climate Data & Software > MRV | Policy & Advocacy > Environmental Policy
Senior Electron Beam Welding Engineer,Kairos Power,"Albuquerque, NM",https://job-boards.greenhouse.io/kairospower/jobs/5619089004,Transportation > Sustainable Fuels > Alternative Fuel Production | Electricity > Low-Emissions Generation > Wind | Electricity > Low-Emissions Generation > Nuclear Fission | Food & Agriculture > Sustainable Crops > Seed Editing & Breeding | Manufacturing > Clean Cement > Low-Clinker Concrete | Manufacturing > Clean Steel > H2-Based Reduction | Manufacturing > Cross-Cutting > Industrial Heat | Climate Data & Software > MRV | Policy & Advocacy > Environmental Policy
"Senior Engineer, Engineering Operations",Kairos Power,"Albuquerque, NM ",https://job-boards.greenhouse.io/kairospower/jobs/5371179004,Transportation > Sustainable Fuels > Alternative Fuel Production | Electricity > Low-Emissions Generation > Wind | Electricity > Low-Emissions Generation > Nuclear Fission | Electricity > Energy Storage > Thermal | Food & Agriculture > Sustainable Crops > Seed Editing & Breeding | Manufacturing > Cross-Cutting > Industrial Heat | Climate Data & Software > MRV | Policy & Advocacy > Environmental Policy
"Senior Engineer, Power Plant Operational Design",Kairos Power,"Alameda, CA",https://job-boards.greenhouse.io/kairospower/jobs/5527250004,Transportation > Sustainable Fuels > Alternative Fuel Production | Electricity > Low-Emissions Generation > Nuclear Fission | Food & Agriculture > Sustainable Crops > Seed Editing & Breeding | Manufacturing > Cross-Cutting > Industrial Heat | Climate Data & Software > MRV
"Senior Engineer, Power Plant Operational Design",Kairos Power,"Albuquerque, NM ",https://job-boards.greenhouse.io/kairospower/jobs/5527556004,Transportation > Sustainable Fuels > Alternative Fuel Production | Electricity > Low-Emissions Generation > Nuclear Fission | Food & Agriculture > Sustainable Crops > Seed Editing & Breeding | Manufacturing > Cross-Cutting > Industrial Heat | Climate Data & Software > MRV
"Senior Mechanical Engineer, High-Temperature Fluid Systems and Component Design",Kairos Power,"Alameda, CA or Albuquerque, NM ",https://job-boards.greenhouse.io/kairospower/jobs/5406294004,Transportation > Sustainable Fuels > Alternative Fuel Production | Electricity > Low-Emissions Generation > Nuclear Fission | Electricity > Energy Storage > Thermal | Food & Agriculture > Sustainable Crops > Precision Agriculture | Food & Agriculture > Sustainable Crops > Seed Editing & Breeding | Buildings > Operational Efficiency > Heating & Cooling | Manufacturing > Clean Steel > H2-Based Reduction | Manufacturing > Fashion & Textiles > Alternative Fibers | Manufacturing > Cross-Cutting > Industrial Heat | Manufacturing > Cross-Cutting > CCUS | Climate Data & Software > MRV
"Senior Mechanical Engineer, Remote Handling and Full Scale Integration",Kairos Power,"Oak Ridge, TN",https://job-boards.greenhouse.io/kairospower/jobs/5272080004,Transportation > Sustainable Fuels > Alternative Fuel Production | Electricity > Low-Emissions Generation > Nuclear Fission | Electricity > Energy Storage > Thermal | Food & Agriculture > Sustainable Crops > Seed Editing & Breeding | Manufacturing > Clean Cement > Low-Clinker Concrete | Manufacturing > Clean Steel > H2-Based Reduction | Manufacturing > Cross-Cutting > Industrial Heat | Climate Data & Software > MRV | Policy & Advocacy > Environmental Policy
Senior Mill-Turn Machinist,Kairos Power,"Alameda, CA or Richmond, CA",https://job-boards.greenhouse.io/kairospower/jobs/5597982004,Transportation > Sustainable Fuels > Alternative Fuel Production | Electricity > Low-Emissions Generation > Wind | Electricity > Low-Emissions Generation > Nuclear Fission | Food & Agriculture > Sustainable Crops > Seed Editing & Breeding | Manufacturing > Cross-Cutting > Industrial Heat | Climate Data & Software > MRV | Policy & Advocacy > Environmental Policy
Senior Nuclear Facility Engineer,Kairos Power,"Alameda, CA or Remote in US",https://job-boards.greenhouse.io/kairospower/jobs/5704966004,Transportation > Sustainable Fuels > Alternative Fuel Production | Electricity > Low-Emissions Generation > Solar | Electricity > Low-Emissions Generation > Nuclear Fission | Electricity > Energy Storage > Thermal | Food & Agriculture > Sustainable Crops > Seed Editing & Breeding | Manufacturing > Fashion & Textiles > Alternative Fibers | Manufacturing > Cross-Cutting > Industrial Heat | Climate Data & Software > MRV | Policy & Advocacy > Environmental Policy
Senior Nuclear Process Engineer  Inert Gas and Tritium Management,Kairos Power,"Oak Ridge, TN or Albuquerque, NM",https://job-boards.greenhouse.io/kairospower/jobs/5611835004,Transportation > Sustainable Fuels > Alternative Fuel Production | Electricity > Low-Emissions Generation > Nuclear Fission | Electricity > Energy Storage > Thermal | Food & Agriculture > Sustainable Crops > Seed Editing & Breeding | Manufacturing > Clean Steel > H2-Based Reduction | Manufacturing > Cross-Cutting > Industrial Heat | Policy & Advocacy > Environmental Policy
Senior Structural FEA Engineer,Kairos Power,"Alameda, CA",https://job-boards.greenhouse.io/kairospower/jobs/5566800004,Transportation > Sustainable Fuels > Alternative Fuel Production | Electricity > Low-Emissions Generation > Solar | Electricity > Low-Emissions Generation > Nuclear Fission | Food & Agriculture > Sustainable Crops > Seed Editing & Breeding | Manufacturing > Cross-Cutting > Industrial Heat | Climate Data & Software > MRV
"Senior Test Engineer, Instrumentation & Controls",Kairos Power,"Alameda, CA",https://job-boards.greenhouse.io/kairospower/jobs/5458117004,Transportation > Sustainable Fuels > Alternative Fuel Production | Electricity > Low-Emissions Generation > Nuclear Fission | Food & Agriculture > Sustainable Crops > Precision Agriculture | Food & Agriculture > Sustainable Crops > Seed Editing & Breeding | Manufacturing > Clean Steel > H2-Based Reduction | Manufacturing > Cross-Cutting > Industrial Heat | Climate Data & Software > MRV
Supply Chain & Procurement Intern,Kairos Power,"Albuquerque, NM ",https://job-boards.greenhouse.io/kairospower/jobs/5735571004,Transportation > Sustainable Fuels > Alternative Fuel Production | Electricity > Low-Emissions Generation > Nuclear Fission | Food & Agriculture > Sustainable Crops > Seed Editing & Breeding | Manufacturing > Clean Steel > H2-Based Reduction | Manufacturing > Cross-Cutting > Industrial Heat | Climate Data & Software > MRV | Policy & Advocacy > Environmental Policy | Supply Chain > Logistics Optimization
TDL Fuels IC&E Engineer,Kairos Power,"Albuquerque, NM",https://job-boards.greenhouse.io/kairospower/jobs/5595144004,Transportation > Sustainable Fuels > Alternative Fuel Production | Electricity > Low-Emissions Generation > Nuclear Fission | Food & Agriculture > Sustainable Crops > Seed Editing & Breeding | Manufacturing > Fashion & Textiles > Alternative Fibers | Manufacturing > Cross-Cutting > Industrial Heat | Climate Data & Software > MRV | Supply Chain > Logistics Optimization
Test Engineer - Instrumentation and Controls,Kairos Power,"Alameda, CA",https://job-boards.greenhouse.io/kairospower/jobs/5654962004,Transportation > Sustainable Fuels > Alternative Fuel Production | Electricity > Low-Emissions Generation > Nuclear Fission | Food & Agriculture > Sustainable Crops > Precision Agriculture | Food & Agriculture > Sustainable Crops > Seed Editing & Breeding | Manufacturing > Clean Cement > Low-Clinker Concrete | Manufacturing > Cross-Cutting > Industrial Heat | Climate Data & Software > MRV
Thermal Hydraulics Model Development Engineering Intern - Summer 2026,Kairos Power,"Alameda, CA or Remote",https://job-boards.greenhouse.io/kairospower/jobs/5763261004,Transportation > Sustainable Fuels > Alternative Fuel Production | Electricity > Low-Emissions Generation > Nuclear Fission | Food & Agriculture > Sustainable Crops > Seed Editing & Breeding | Manufacturing > Clean Cement > Low-Clinker Concrete | Manufacturing > Cross-Cutting > Industrial Heat | Climate Data & Software > MRV
Accounting Intern,Redwood Materials,"Carson City, NV",https://boards.greenhouse.io/redwoodmaterials/jobs/5781936004?gh_jid=5781936004,Transportation > Vehicle Electrification > Battery Performance | Transportation > Efficiency & Reduced Demand > Public Transit | Electricity > Energy Storage > Electrochemical | Buildings > End-of-Life > Circular Building Systems | Manufacturing > Clean Steel > H2-Based Reduction | Manufacturing > Cross-Cutting > Mining | Manufacturing > Cross-Cutting > Waste & Recycling | Climate Data & Software > MRV | Policy & Advocacy > Environmental Policy | Supply Chain > Logistics Optimization
"Associate Manager, Logistics",Redwood Materials,"McCarran, NV",https://boards.greenhouse.io/redwoodmaterials/jobs/5799506004?gh_jid=5799506004,Transportation > Vehicle Electrification > Battery Performance | Electricity > Energy Storage > Electrochemical | Buildings > End-of-Life > Circular Building Systems | Manufacturing > Clean Steel > H2-Based Reduction | Manufacturing > Cross-Cutting > Mining | Manufacturing > Cross-Cutting > Waste & Recycling | Climate Data & Software > MRV | Supply Chain > Logistics Optimization
Backend Engineering Intern,Redwood Materials,"McCarran, NV",https://boards.greenhouse.io/redwoodmaterials/jobs/5792229004?gh_jid=5792229004,Transportation > Vehicle Electrification > Battery Performance | Transportation > Efficiency & Reduced Demand > Public Transit | Electricity > Energy Storage > Electrochemical | Buildings > End-of-Life > Circular Building Systems | Manufacturing > Clean Cement > Low-Clinker Concrete | Manufacturing > Clean Steel > H2-Based Reduction | Manufacturing > Cross-Cutting > Mining | Manufacturing > Cross-Cutting > Waste & Recycling | Supply Chain > Logistics Optimization
Calibration Technician,Redwood Materials,"McCarran, NV",https://boards.greenhouse.io/redwoodmaterials/jobs/5781336004?gh_jid=5781336004,Transportation > Vehicle Electrification > Battery Performance | Transportation > Sustainable Fuels > Alternative Fuel Production | Electricity > Energy Storage > Electrochemical | Buildings > End-of-Life > Circular Building Systems | Manufacturing > Clean Steel > H2-Based Reduction | Manufacturing > Cross-Cutting > Mining | Manufacturing > Cross-Cutting > Waste & Recycling | Climate Data & Software > MRV | Policy & Advocacy > Environmental Policy | Supply Chain > Logistics Optimization
Chemical Engineering Intern,Redwood Materials,"Carson City, NV; McCarran, NV",https://boards.greenhouse.io/redwoodmaterials/jobs/5790740004?gh_jid=5790740004,Transportation > Vehicle Electrification > Battery Performance | Transportation > Sustainable Fuels > Alternative Fuel Production | Transportation > Efficiency & Reduced Demand > Public Transit | Electricity > Energy Storage > Electrochemical | Buildings > End-of-Life > Circular Building Systems | Manufacturing > Clean Cement > Low-Clinker Concrete | Manufacturing > Clean Steel > H2-Based Reduction | Manufacturing > Cross-Cutting > Mining | Manufacturing > Cross-Cutting > Waste & Recycling | Policy & Advocacy > Environmental Policy | Supply Chain > Logistics Optimization
Commercial Operations Associate,Redwood Materials,"Carson City, NV",https://boards.greenhouse.io/redwoodmaterials/jobs/5748946004?gh_jid=5748946004,Transportation > Vehicle Electrification > Battery Performance | Transportation > Sustainable Fuels > Alternative Fuel Production | Electricity > Energy Storage > Electrochemical | Buildings > End-of-Life > Circular Building Systems | Manufacturing > Clean Steel > H2-Based Reduction | Manufacturing > Cross-Cutting > Mining | Manufacturing > Cross-Cutting > Waste & Recycling | Climate Data & Software > MRV | Policy & Advocacy > Environmental Policy | Supply Chain > Logistics Optimization
"Compliance Engineer, Energy Storage",Redwood Materials,"San Francisco, California, United States",https://boards.greenhouse.io/redwoodmaterials/jobs/5734264004?gh_jid=5734264004,Transportation > Vehicle Electrification > Battery Performance | Transportation > Sustainable Fuels > Alternative Fuel Production | Electricity > Energy Storage > Electrochemical | Buildings > End-of-Life > Circular Building Systems | Manufacturing > Clean Steel > H2-Based Reduction | Manufacturing > Cross-Cutting > Mining | Manufacturing > Cross-Cutting > Waste & Recycling | Policy & Advocacy > Environmental Policy | Supply Chain > Logistics Optimization
"Director of Power Electronics and Electrical Engineering, Energy Storage",Redwood Materials,"San Francisco, California, United States",https://boards.greenhouse.io/redwoodmaterials/jobs/5737884004?gh_jid=5737884004,Transportation > Vehicle Electrification > Battery Performance | Transportation > Sustainable Fuels > Alternative Fuel Production | Electricity > Energy Storage > Electrochemical | Electricity > Transmission & Distribution > Smart Grid | Buildings > End-of-Life > Circular Building Systems | Manufacturing > Clean Cement > Low-Clinker Concrete | Manufacturing > Clean Steel > H2-Based Reduction | Manufacturing > Cross-Cutting > Mining | Manufacturing > Cross-Cutting > Waste & Recycling | Supply Chain > Logistics Optimization
"Mechanical Design Engineer, Energy Storage",Redwood Materials,"San Francisco, California, United States",https://boards.greenhouse.io/redwoodmaterials/jobs/5737894004?gh_jid=5737894004,Transportation > Vehicle Electrification > Battery Performance | Transportation > Sustainable Fuels > Alternative Fuel Production | Electricity > Energy Storage > Electrochemical | Electricity > Transmission & Distribution > Smart Grid | Buildings > End-of-Life > Circular Building Systems | Manufacturing > Clean Steel > H2-Based Reduction | Manufacturing > Cross-Cutting > Industrial Heat | Manufacturing > Cross-Cutting > Mining | Manufacturing > Cross-Cutting > Waste & Recycling | Supply Chain > Logistics Optimization
"Business Development Manager, Energy Storage",Redwood Materials,"San Francisco, California, United States",https://boards.greenhouse.io/redwoodmaterials/jobs/5572952004?gh_jid=5572952004,Transportation > Vehicle Electrification > Battery Performance | Electricity > Low-Emissions Generation > Solar | Electricity > Energy Storage > Electrochemical | Buildings > End-of-Life > Circular Building Systems | Manufacturing > Clean Steel > H2-Based Reduction | Manufacturing > Cross-Cutting > Mining | Manufacturing > Cross-Cutting > Waste & Recycling | Supply Chain > Logistics Optimization
"Sr. Fullstack Software Engineer, Platform",Climate AI,"San Francisco, California, United States",https://job-boards.greenhouse.io/climateai/jobs/4854550007,Transportation > Sustainable Fuels > Alternative Fuel Production | Manufacturing > Clean Cement > Low-Clinker Concrete | Manufacturing > Clean Steel > H2-Based Reduction | Climate Data & Software > Climate Analytics | Policy & Advocacy > Environmental Policy | Supply Chain > Logistics Optimization
Digital Marketing Manager,Carbon Direct,United States - Remote,https://job-boards.greenhouse.io/carbondirect/jobs/5008244007,Food & Agriculture > Nature-Based Solutions > Reforestation | Manufacturing > Clean Steel > H2-Based Reduction | Manufacturing > Cross-Cutting > CCUS | GHG Removal > Biological > Reforestation | GHG Removal > Engineered > Direct Air Capture | Climate Data & Software > MRV | Climate Data & Software > Climate Analytics | Climate Finance > Carbon Markets | Policy & Advocacy > Environmental Policy
General Application,Carbon Direct,Remote,https://job-boards.greenhouse.io/carbondirect/jobs/4117885007,Manufacturing > Clean Steel > H2-Based Reduction | Climate Finance > Carbon Markets | Policy & Advocacy > Environmental Policy
Social Scientist,Carbon Direct,United States - Remote,https://job-boards.greenhouse.io/carbondirect/jobs/5007997007,Transportation > Sustainable Fuels > Alternative Fuel Production | Manufacturing > Clean Steel > H2-Based Reduction | Climate Finance > Carbon Markets | Climate Finance > Green Finance | Policy & Advocacy > Environmental Policy
Industrial Decarbonization Intern,Carbon Direct,United States - Remote,https://job-boards.greenhouse.io/carbondirect/jobs/5008252007,Food & Agriculture > Nature-Based Solutions > Reforestation | Buildings > Operational Efficiency > Appliances | Manufacturing > Clean Steel > H2-Based Reduction | Manufacturing > Cross-Cutting > CCUS | GHG Removal > Biological > Reforestation | GHG Removal > Engineered > Direct Air Capture | Climate Data & Software > Climate Analytics | Climate Finance > Carbon Markets | Policy & Advocacy > Environmental Policy
People Operations Associate,Carbon Direct,United States - Remote,https://job-boards.greenhouse.io/carbondirect/jobs/5040231007,Food & Agriculture > Nature-Based Solutions > Reforestation | Manufacturing > Clean Steel > H2-Based Reduction | Manufacturing > Cross-Cutting > CCUS | GHG Removal > Biological > Reforestation | GHG Removal > Engineered > Direct Air Capture | Climate Data & Software > Climate Analytics | Climate Finance > Carbon Markets | Policy & Advocacy > Environmental Policy | Supply Chain > Logistics Optimization
Scientific Project Reviewers,Carbon Direct,Remote,https://job-boards.greenhouse.io/carbondirect/jobs/4192394007,Food & Agriculture > Nature-Based Solutions > Reforestation | Manufacturing > Clean Steel > H2-Based Reduction | Manufacturing > Cross-Cutting > CCUS | GHG Removal > Biological > Reforestation | GHG Removal > Engineered > Direct Air Capture | Climate Data & Software > Climate Analytics | Climate Finance > Carbon Markets | Policy & Advocacy > Environmental Policy
Technical Due Diligence Consultant,Carbon Direct,Remote,https://job-boards.greenhouse.io/carbondirect/jobs/4716713007,Transportation > Sustainable Fuels > Scalable Biofuels | Food & Agriculture > Nature-Based Solutions > Reforestation | Manufacturing > Clean Steel > H2-Based Reduction | GHG Removal > Biological > Biomass Utilization | GHG Removal > Biological > Reforestation | Climate Data & Software > Climate Analytics | Climate Finance > Carbon Markets | Policy & Advocacy > Environmental Policy | Supply Chain > Logistics Optimization
Account Executive- Washington ,ChargePoint,"Seattle, Washington ",https://www.chargepoint.com/about/opportunities/job/?gh_jid=8341229002,Transportation > Vehicle Electrification > Flexible EV Charging | Transportation > Vehicle Electrification > Battery Performance | Manufacturing > Clean Steel > H2-Based Reduction | Climate Finance > Green Finance | Policy & Advocacy > Environmental Policy | Supply Chain > Logistics Optimization
Channel Account Manager,ChargePoint,"Campbell, CA",https://www.chargepoint.com/about/opportunities/job/?gh_jid=8344334002,Transportation > Vehicle Electrification > Flexible EV Charging | Transportation > Vehicle Electrification > Battery Performance | Manufacturing > Clean Steel > H2-Based Reduction | Climate Finance > Green Finance | Policy & Advocacy > Environmental Policy | Supply Chain > Logistics Optimization
Corporate/Commercial Paralegal and Legal Operations,ChargePoint,"Campbell, CA",https://www.chargepoint.com/about/opportunities/job/?gh_jid=8355525002,Transportation > Vehicle Electrification > Flexible EV Charging | Transportation > Vehicle Electrification > Battery Performance | Manufacturing > Clean Steel > H2-Based Reduction | Climate Finance > Green Finance | Policy & Advocacy > Environmental Policy | Supply Chain > Logistics Optimization
Principal Power Electronics Control Firmware Engineer,ChargePoint,"Campbell, CA",https://www.chargepoint.com/about/opportunities/job/?gh_jid=8235128002,Transportation > Vehicle Electrification > Flexible EV Charging | Transportation > Vehicle Electrification > Battery Performance | Manufacturing > Clean Steel > H2-Based Reduction | Climate Finance > Green Finance | Policy & Advocacy > Environmental Policy | Supply Chain > Logistics Optimization
Senior Software Engineer,ChargePoint,Austria,https://www.chargepoint.com/about/opportunities/job/?gh_jid=7737578002,Transportation > Vehicle Electrification > Flexible EV Charging | Transportation > Vehicle Electrification > Battery Performance | Manufacturing > Clean Steel > H2-Based Reduction | Climate Finance > Green Finance | Policy & Advocacy > Environmental Policy | Supply Chain > Logistics Optimization
Staff Data Scientist ,ChargePoint,"Bangalore, India",https://www.chargepoint.com/about/opportunities/job/?gh_jid=8241134002,Transportation > Vehicle Electrification > Flexible EV Charging | Transportation > Vehicle Electrification > Battery Performance | Manufacturing > Clean Steel > H2-Based Reduction | Climate Finance > Green Finance | Policy & Advocacy > Environmental Policy | Supply Chain > Logistics Optimization
"Deployment Specialist Toronto/Ontario, Canada",ChargePoint,Canada Remote,https://www.chargepoint.com/about/opportunities/job/?gh_jid=8302301002,Transportation > Vehicle Electrification > Flexible EV Charging | Transportation > Vehicle Electrification > Battery Performance | Manufacturing > Clean Steel > H2-Based Reduction | Climate Finance > Green Finance | Policy & Advocacy > Environmental Policy | Supply Chain > Logistics Optimization
"Director, Data Platform & AI",ChargePoint,"Bangalore, India",https://www.chargepoint.com/about/opportunities/job/?gh_jid=8375735002,Transportation > Vehicle Electrification > Flexible EV Charging | Transportation > Vehicle Electrification > Battery Performance | Manufacturing > Clean Steel > H2-Based Reduction | Climate Finance > Green Finance | Policy & Advocacy > Environmental Policy | Supply Chain > Logistics Optimization
Executive Assistant,ChargePoint,"Campbell, CA",https://www.chargepoint.com/about/opportunities/job/?gh_jid=8379321002,Transportation > Vehicle Electrification > Flexible EV Charging | Transportation > Vehicle Electrification > Battery Performance | Manufacturing > Clean Steel > H2-Based Reduction | Climate Finance > Green Finance | Policy & Advocacy > Environmental Policy | Supply Chain > Logistics Optimization
Head of Global Total Rewards & Benefits,ChargePoint,"Campbell, CA",https://www.chargepoint.com/about/opportunities/job/?gh_jid=8112570002,Transportation > Vehicle Electrification > Flexible EV Charging | Transportation > Vehicle Electrification > Battery Performance | Manufacturing > Clean Steel > H2-Based Reduction | Climate Finance > Green Finance | Policy & Advocacy > Environmental Policy | Supply Chain > Logistics Optimization
IT Administrator,ChargePoint,"Campbell, CA",https://www.chargepoint.com/about/opportunities/job/?gh_jid=8376410002,Transportation > Vehicle Electrification > Flexible EV Charging | Transportation > Vehicle Electrification > Battery Performance | Manufacturing > Clean Steel > H2-Based Reduction | Climate Finance > Green Finance | Policy & Advocacy > Environmental Policy | Supply Chain > Logistics Optimization
"Power Electronics Firmware, Senior Manager",ChargePoint,"Campbell, CA",https://www.chargepoint.com/about/opportunities/job/?gh_jid=8224187002,Transportation > Vehicle Electrification > Flexible EV Charging | Transportation > Vehicle Electrification > Battery Performance | Manufacturing > Clean Steel > H2-Based Reduction | Climate Finance > Green Finance | Policy & Advocacy > Environmental Policy | Supply Chain > Logistics Optimization
Principal Power Electronics Engineer,ChargePoint,"Campbell, CA",https://www.chargepoint.com/about/opportunities/job/?gh_jid=7950634002,Transportation > Vehicle Electrification > Flexible EV Charging | Transportation > Vehicle Electrification > Battery Performance | Manufacturing > Clean Steel > H2-Based Reduction | Climate Finance > Green Finance | Policy & Advocacy > Environmental Policy | Supply Chain > Logistics Optimization
Regulatory Safety Engineer,ChargePoint,"Campbell, CA",https://www.chargepoint.com/about/opportunities/job/?gh_jid=8398778002,Transportation > Vehicle Electrification > Flexible EV Charging | Transportation > Vehicle Electrification > Battery Performance | Manufacturing > Clean Steel > H2-Based Reduction | Climate Finance > Green Finance | Policy & Advocacy > Environmental Policy | Supply Chain > Logistics Optimization
Senior Bid Manager ,ChargePoint,Munich,https://www.chargepoint.com/about/opportunities/job/?gh_jid=8415314002,Transportation > Vehicle Electrification > Flexible EV Charging | Transportation > Vehicle Electrification > Battery Performance | Manufacturing > Clean Steel > H2-Based Reduction | Climate Finance > Green Finance | Policy & Advocacy > Environmental Policy | Supply Chain > Logistics Optimization
"Director, Accounting",Sunnova,"Houston, TX",https://job-boards.greenhouse.io/sunnova/jobs/4822971008,Manufacturing > Clean Cement > Low-Clinker Concrete | Manufacturing > Clean Steel > H2-Based Reduction | Climate Data & Software > MRV
Join the Sunnova Talent Pool!,Sunnova,"Houston, TX; United States",https://job-boards.greenhouse.io/sunnova/jobs/4493628008,Electricity > Low-Emissions Generation > Solar | Manufacturing > Clean Cement > Low-Clinker Concrete | Climate Data & Software > MRV
ADAS / Autonomous Driving Sensor Calibration & Localization Engineer ,Lucid Motors,"Newark, CA",https://job-boards.greenhouse.io/lucidmotors/jobs/4766714007,Electricity > Low-Emissions Generation > Nuclear Fusion | Food & Agriculture > Sustainable Crops > Precision Agriculture | Food & Agriculture > Nature-Based Solutions > Ecosystem Monitoring | Manufacturing > Clean Steel > H2-Based Reduction | Climate Data & Software > MRV | Climate Data & Software > Remote Sensing
ADAS Software Integration Engineer,Lucid Motors,"Newark, CA",https://job-boards.greenhouse.io/lucidmotors/jobs/4954042007,Transportation > Sustainable Fuels > Alternative Fuel Production | Manufacturing > Clean Steel > H2-Based Reduction
ANDON Tech ,Lucid Motors,"Casa Grande, AZ",https://job-boards.greenhouse.io/lucidmotors/jobs/5041366007,Transportation > Sustainable Fuels > Alternative Fuel Production | Manufacturing > Clean Steel > H2-Based Reduction | Climate Data & Software > MRV
"Assistant Manager, Production Planning & Control",Lucid Motors,"King Abdullah Economic City, 02",https://job-boards.greenhouse.io/lucidmotors/jobs/4996819007,Transportation > Sustainable Fuels > Alternative Fuel Production | Manufacturing > Clean Steel > H2-Based Reduction | Supply Chain > Logistics Optimization
Associate Service Technician Coolidge,Lucid Motors,"Coolidge, AZ",https://job-boards.greenhouse.io/lucidmotors/jobs/5004324007,Manufacturing > Clean Steel > H2-Based Reduction
Inside Sales Associate,Lucid Motors,"Phoenix, AZ",https://job-boards.greenhouse.io/lucidmotors/jobs/4957536007,Manufacturing > Clean Steel > H2-Based Reduction
Interactive Media and Instructional Designer ,Lucid Motors,"Fremont, CA",https://job-boards.greenhouse.io/lucidmotors/jobs/4915643007,Manufacturing > Clean Steel > H2-Based Reduction
Lead Senior Financial Analyst (Corporate),Lucid Motors,"Newark, CA",https://job-boards.greenhouse.io/lucidmotors/jobs/5026088007,Buildings > Operational Efficiency > Appliances | Manufacturing > Clean Steel > H2-Based Reduction | Climate Data & Software > MRV
"Maintenance Engineer - Mechanical, Body in White",Lucid Motors,"King Abdullah Economic City, 02",https://job-boards.greenhouse.io/lucidmotors/jobs/4839170007,Transportation > Sustainable Fuels > Alternative Fuel Production | Manufacturing > Clean Steel > H2-Based Reduction | Policy & Advocacy > Environmental Policy
"Staff Electrical Engineer, Power Electronics - BMS",Lucid Motors,"Newark, CA",https://job-boards.greenhouse.io/lucidmotors/jobs/4955213007,Transportation > Vehicle Electrification > Battery Performance | Transportation > Sustainable Fuels > Alternative Fuel Production | Electricity > Energy Storage > Electrochemical | Buildings > Operational Efficiency > Smart Buildings | Manufacturing > Clean Steel > H2-Based Reduction | Climate Data & Software > MRV | Policy & Advocacy > Environmental Policy | Supply Chain > Logistics Optimization
"Admin Assistant, Engineering",Lucid Motors,"Newark, CA",https://job-boards.greenhouse.io/lucidmotors/jobs/5015108007,Manufacturing > Clean Steel > H2-Based Reduction | Supply Chain > Logistics Optimization
Android Software Engineer,Lucid Motors,"Southfield, MI",https://job-boards.greenhouse.io/lucidmotors/jobs/4848004007,Manufacturing > Clean Steel > H2-Based Reduction
Assistant Manager - Packaging Engineering,Lucid Motors,"King Abdullah Economic City, 02",https://job-boards.greenhouse.io/lucidmotors/jobs/4838999007,Transportation > Sustainable Fuels > Alternative Fuel Production | Buildings > Sustainable Construction > Green Materials | Manufacturing > Clean Steel > H2-Based Reduction | Policy & Advocacy > Environmental Policy | Supply Chain > Logistics Optimization
"Assistant Service Manager - 2nd Shift - Riviera Beach, FL",Lucid Motors,"Riviera Beach, FL",https://job-boards.greenhouse.io/lucidmotors/jobs/4918245007,Transportation > Sustainable Fuels > Alternative Fuel Production | Manufacturing > Clean Steel > H2-Based Reduction | Climate Data & Software > MRV | Policy & Advocacy > Environmental Policy
Assitant Manager - Outbound Transportation,Lucid Motors,"King Abdullah Economic City, 02",https://job-boards.greenhouse.io/lucidmotors/jobs/4995383007,Transportation > Sustainable Fuels > Alternative Fuel Production | Manufacturing > Clean Steel > H2-Based Reduction | Policy & Advocacy > Environmental Policy | Supply Chain > Logistics Optimization
